Block Number,Tx Hash,From,To,Value,Data,Decode_data
231,0x67f4aa6a389806d218c99c1cac8c23d8d23c29cb13252559b5b338b0b933e48f,0x0167a993B82feF5033645b2Bc345325646B3FDEd,0x74C142d69252d7Cbc34f94B3948A899a2D78fd28,0,0x85b44a260000000000000000000000000000000000000000000000000000000000000001,"{'function_name': 'MakeOffer', 'inputs': (<Function MakeOffer(int256)>, {'offerPrice': 1})}"
232,0xbb8c3ef2798014479524e22397c5b3f3b6bce9de41aaeb8955915b65d38588fc,0x20E646cA24A51E324aD07644245a07fEed0426C2,0x74C142d69252d7Cbc34f94B3948A899a2D78fd28,0,0xcba59827,"{'function_name': 'Reject', 'inputs': (<Function Reject()>, {})}"
233,0xba40bf1cc4bcaeec84bb0876c58b3511757914f5b743a8ab2d531e80aa167fdb,0x64DFEAe370C5174B3595dBb1DC04651595b7Da37,0x74C142d69252d7Cbc34f94B3948A899a2D78fd28,0,0x85b44a26000000000000000000000000000000000000000000000000000000000000006f,"{'function_name': 'MakeOffer', 'inputs': (<Function MakeOffer(int256)>, {'offerPrice': 111})}"
234,0x83b3738de4a7bd4971657cd3e047c11d5821f86f6791fb170a2f2d5758b47e33,0x20E646cA24A51E324aD07644245a07fEed0426C2,0x74C142d69252d7Cbc34f94B3948A899a2D78fd28,0,0xcba59827,"{'function_name': 'Reject', 'inputs': (<Function Reject()>, {})}"
235,0xc216cc091b9a29dc273fab9f0fa23179f39f343cf5f71f86d1ac5c6cbdbeb9b5,0x606Ec1CA1C986462C52bDE7Bb7F694DB08c1Af72,0x74C142d69252d7Cbc34f94B3948A899a2D78fd28,0,0x85b44a260000000000000000000000000000000000000000000000000000000000002b67,"{'function_name': 'MakeOffer', 'inputs': (<Function MakeOffer(int256)>, {'offerPrice': 11111})}"
236,0x798a5f5aec37169de1604096de2d76aac48920219d13a8ecb9f70ac7a8b43a1a,0x20E646cA24A51E324aD07644245a07fEed0426C2,0x74C142d69252d7Cbc34f94B3948A899a2D78fd28,0,0xcba59827,"{'function_name': 'Reject', 'inputs': (<Function Reject()>, {})}"
237,0x809b127fa3d6cf34f4e6150aebe42596dcfd20ca50b23c4fb08006dc8278a51c,0x606Ec1CA1C986462C52bDE7Bb7F694DB08c1Af72,0x74C142d69252d7Cbc34f94B3948A899a2D78fd28,0,0x85b44a260000000000000000000000000000000000000000000000000000000000000006,"{'function_name': 'MakeOffer', 'inputs': (<Function MakeOffer(int256)>, {'offerPrice': 6})}"
