Block Number,Tx Hash,From,To,Value,Data,Deocde_data
2143,0x6dce828d899554cbf7ec95368b1759183183f9716547b54b6f56b7a506da99f3,0x666474a318918123e27b9d6f1283528C88f97827,0x2Dd32dD7e7b455f6AFa0C9E16a189b7019e69ef1,0,0x85b44a260000000000000000000000000000000000000000000000000000000000000399,"{'function_name': 'AcceptOffer', 'inputs': (<Function AcceptOffer()>, {})}"
2144,0x45b13122804e6b6fc8f81cb99dcd38c774dd6d663126c5f5e66f7a2007a92e64,0x3F8306Adf9DDa2E06Fd068CA44220756d9FDeF65,0x2Dd32dD7e7b455f6AFa0C9E16a189b7019e69ef1,0,0xcba59827,"{'function_name': 'MakeOffer', 'inputs': (<Function MakeOffer(int256)>, {'offerPrice': 921})}"
2145,0x73f4d31d58206b92a3d6d804b3d0f85b5cb2fb8b419725c50ff661f730323eb9,0x606Ec1CA1C986462C52bDE7Bb7F694DB08c1Af72,0x2Dd32dD7e7b455f6AFa0C9E16a189b7019e69ef1,0,0x85b44a26000000000000000000000000000000000000000000000000000000000000000b,"{'function_name': 'Reject', 'inputs': (<Function Reject()>, {})}"
2146,0x5571c079ce1fd746e8606ba6eb1c3040ca0c6a34bf9a85af84c0387b623fce81,0x3F8306Adf9DDa2E06Fd068CA44220756d9FDeF65,0x2Dd32dD7e7b455f6AFa0C9E16a189b7019e69ef1,0,0xd12cd942,"{'function_name': 'MakeOffer', 'inputs': (<Function MakeOffer(int256)>, {'offerPrice': 11})}"
