Block Number,Tx Hash,From,To,Value,Data,Deocde_data
2112,0xf981e2562be26f9dce57db931609529ecfd045cb6b23c3717420201be68c88cf,0x35fA38D6e01F98B5e9f7672b0294177388BB381e,0x842eB7B5cfc89f3ddfB83CdAA24790f15cf22C96,0,0x85b44a260000000000000000000000000000000000000000000000000000000000000027,"{'function_name': 'AcceptOffer', 'inputs': (<Function AcceptOffer()>, {})}"
2113,0x08095445b7df8a9fe8169011a3077a4a2332c066007425477675939098e0078c,0x3F8306Adf9DDa2E06Fd068CA44220756d9FDeF65,0x842eB7B5cfc89f3ddfB83CdAA24790f15cf22C96,0,0xcba59827,"{'function_name': 'MakeOffer', 'inputs': (<Function MakeOffer(int256)>, {'offerPrice': 39})}"
2114,0x4e645128a71feb22d0070eb2f45a983604bc6818d1ccca932c978d94fe1e6358,0x934e8d68E0b5B49054dad167564A4E044F4aDF58,0x842eB7B5cfc89f3ddfB83CdAA24790f15cf22C96,0,0x85b44a26000000000000000000000000000000000000000000000000000000000000029d,"{'function_name': 'Reject', 'inputs': (<Function Reject()>, {})}"
2115,0xa505888dc05376894b814042ecc8052e5db55247a18e27ffbc483f563752da84,0x3F8306Adf9DDa2E06Fd068CA44220756d9FDeF65,0x842eB7B5cfc89f3ddfB83CdAA24790f15cf22C96,0,0xcba59827,"{'function_name': 'MakeOffer', 'inputs': (<Function MakeOffer(int256)>, {'offerPrice': 669})}"
2116,0xb219060cebb66e2ae98c04370104e1824f947b10b91bea4f065119a2491cc7a0,0x7A4f14dcF116DDFAeB08E9E3E4615937FDd24621,0x842eB7B5cfc89f3ddfB83CdAA24790f15cf22C96,0,0x85b44a26000000000000000000000000000000000000000000000000000000000000034e,"{'function_name': 'Reject', 'inputs': (<Function Reject()>, {})}"
2117,0x4bd488f364d8eba63c533e147393daf4832cbec048597c2bfcbeca23a6953224,0x3F8306Adf9DDa2E06Fd068CA44220756d9FDeF65,0x842eB7B5cfc89f3ddfB83CdAA24790f15cf22C96,0,0xd12cd942,"{'function_name': 'MakeOffer', 'inputs': (<Function MakeOffer(int256)>, {'offerPrice': 846})}"
