Block Number,Tx Hash,From,To,Value,Data,Deocde_data
3100,0x25348cc1fe16b1535734526a0a9aac25b9ad5163bb3d5b933667d2a9e1feac70,0x3F8306Adf9DDa2E06Fd068CA44220756d9FDeF65,0x0a04F19e99fC752ae14F7eBFb861818a08694c19,0,0x83c94768000000000000000000000000666474a318918123e27b9d6f1283528c88f97827000000000000000000000000934e8d68e0b5b49054dad167564a4e044f4adf580000000000000000000000000000000000000000000000000000000000000009,"{'function_name': 'BuyItem', 'inputs': (<Function BuyItem()>, {})}"
3107,0x9ec97448d1a28d7df2e40a34152648d7fb898c9e3e14c9907d977a3b41aec93a,0x7A4f14dcF116DDFAeB08E9E3E4615937FDd24621,0x0a04F19e99fC752ae14F7eBFb861818a08694c19,0,0x06f7fa160000000000000000000000000000000000000000000000000000000000000040000000000000000000000000000000000000000000000000000000000000000100000000000000000000000000000000000000000000000000000000000000047856544600000000000000000000000000000000000000000000000000000000,"{'function_name': 'BuyItem', 'inputs': (<Function BuyItem()>, {})}"
3109,0xc7130a742f88a4eaf440fb1a387d5b32c926bcbc426dc3c8acde37ca34d0a942,0x7A4f14dcF116DDFAeB08E9E3E4615937FDd24621,0x0a04F19e99fC752ae14F7eBFb861818a08694c19,0,0x06f7fa160000000000000000000000000000000000000000000000000000000000000040000000000000000000000000000000000000000000000000000000000000000a00000000000000000000000000000000000000000000000000000000000000076334714135337800000000000000000000000000000000000000000000000000,"{'function_name': 'BuyItem', 'inputs': (<Function BuyItem()>, {})}"
3117,0xe1a4909e32f4ce47cddafdb4a93fb0c26195162bc0ccfd857657b1cfa3a37941,0x3F8306Adf9DDa2E06Fd068CA44220756d9FDeF65,0x0a04F19e99fC752ae14F7eBFb861818a08694c19,0,0x83c94768000000000000000000000000934e8d68e0b5b49054dad167564a4e044f4adf58000000000000000000000000666474a318918123e27b9d6f1283528c88f978270000000000000000000000000000000000000000000000000000000000000004,"{'function_name': 'BuyItem', 'inputs': (<Function BuyItem()>, {})}"
3122,0xcb4005942a56389e9c17124469c5a6164d223f36e2b3046c2453f76a378502b2,0x7A4f14dcF116DDFAeB08E9E3E4615937FDd24621,0x0a04F19e99fC752ae14F7eBFb861818a08694c19,0,0x06f7fa160000000000000000000000000000000000000000000000000000000000000040000000000000000000000000000000000000000000000000000000000000000600000000000000000000000000000000000000000000000000000000000000033862490000000000000000000000000000000000000000000000000000000000,"{'function_name': 'BuyItem', 'inputs': (<Function BuyItem()>, {})}"
3124,0x7ca061348df999e7ab7eb0b47c4a6f1683a6b11ac6b85e68a3aee3e2842b0c5b,0x3F8306Adf9DDa2E06Fd068CA44220756d9FDeF65,0x0a04F19e99fC752ae14F7eBFb861818a08694c19,0,0x83c94768000000000000000000000000934e8d68e0b5b49054dad167564a4e044f4adf58000000000000000000000000666474a318918123e27b9d6f1283528c88f978270000000000000000000000000000000000000000000000000000000000000008,"{'function_name': 'BuyItem', 'inputs': (<Function BuyItem()>, {})}"
3137,0x5bf7749d3911f24d073fbc9e0a7763c35fb1f1514a76f147eddc3efb7302b63e,0x3F8306Adf9DDa2E06Fd068CA44220756d9FDeF65,0x0a04F19e99fC752ae14F7eBFb861818a08694c19,0,0x83c94768000000000000000000000000666474a318918123e27b9d6f1283528c88f97827000000000000000000000000934e8d68e0b5b49054dad167564a4e044f4adf580000000000000000000000000000000000000000000000000000000000000009,"{'function_name': 'BuyItem', 'inputs': (<Function BuyItem()>, {})}"
3141,0xee85eeba0f9349321b17da114d3fe6d993ea050196d427d76e0920bb645b53e9,0x7A4f14dcF116DDFAeB08E9E3E4615937FDd24621,0x0a04F19e99fC752ae14F7eBFb861818a08694c19,0,0x06f7fa160000000000000000000000000000000000000000000000000000000000000040000000000000000000000000000000000000000000000000000000000000000400000000000000000000000000000000000000000000000000000000000000087056656473634462000000000000000000000000000000000000000000000000,"{'function_name': 'BuyItem', 'inputs': (<Function BuyItem()>, {})}"
3143,0x0a8d9948e3d18d2613a10db10b27bdce7f52ccab9c9650d5f9fd7efa536d4266,0x3F8306Adf9DDa2E06Fd068CA44220756d9FDeF65,0x0a04F19e99fC752ae14F7eBFb861818a08694c19,0,0x83c94768000000000000000000000000934e8d68e0b5b49054dad167564a4e044f4adf58000000000000000000000000666474a318918123e27b9d6f1283528c88f978270000000000000000000000000000000000000000000000000000000000000003,"{'function_name': 'BuyItem', 'inputs': (<Function BuyItem()>, {})}"
3147,0xed9285905804d06bdcab71d864b6677aa9f8492523cf1e51a58fa989834580d8,0x3F8306Adf9DDa2E06Fd068CA44220756d9FDeF65,0x0a04F19e99fC752ae14F7eBFb861818a08694c19,0,0x83c94768000000000000000000000000934e8d68e0b5b49054dad167564a4e044f4adf58000000000000000000000000666474a318918123e27b9d6f1283528c88f978270000000000000000000000000000000000000000000000000000000000000007,"{'function_name': 'BuyItem', 'inputs': (<Function BuyItem()>, {})}"
3149,0x5ed1ce84fd2f5c8d88f5aea3f10a7bab0dec572fd1d5d5c1dd1632f1cf3ef0d4,0x3F8306Adf9DDa2E06Fd068CA44220756d9FDeF65,0x0a04F19e99fC752ae14F7eBFb861818a08694c19,0,0x83c94768000000000000000000000000934e8d68e0b5b49054dad167564a4e044f4adf58000000000000000000000000666474a318918123e27b9d6f1283528c88f978270000000000000000000000000000000000000000000000000000000000000009,"{'function_name': 'BuyItem', 'inputs': (<Function BuyItem()>, {})}"
3151,0x03fd225faa505894ba2f03492b6d097e0b76bd8f97bc806f1f64c9eaa9db7d5a,0x7A4f14dcF116DDFAeB08E9E3E4615937FDd24621,0x0a04F19e99fC752ae14F7eBFb861818a08694c19,0,0x06f7fa160000000000000000000000000000000000000000000000000000000000000040000000000000000000000000000000000000000000000000000000000000000400000000000000000000000000000000000000000000000000000000000000013200000000000000000000000000000000000000000000000000000000000000,"{'function_name': 'BuyItem', 'inputs': (<Function BuyItem()>, {})}"
3155,0xb804f02b3739ad4c47bdc141b6be98fbfbf0fad5901a32186c732c8d5e783f3f,0x3F8306Adf9DDa2E06Fd068CA44220756d9FDeF65,0x0a04F19e99fC752ae14F7eBFb861818a08694c19,0,0x83c94768000000000000000000000000666474a318918123e27b9d6f1283528c88f97827000000000000000000000000934e8d68e0b5b49054dad167564a4e044f4adf580000000000000000000000000000000000000000000000000000000000000005,"{'function_name': 'BuyItem', 'inputs': (<Function BuyItem()>, {})}"
3157,0x77e4541e4d4c69ea6cec95a3601c750242587d9733f590cef13ee2846783370b,0x3F8306Adf9DDa2E06Fd068CA44220756d9FDeF65,0x0a04F19e99fC752ae14F7eBFb861818a08694c19,0,0x83c94768000000000000000000000000666474a318918123e27b9d6f1283528c88f97827000000000000000000000000934e8d68e0b5b49054dad167564a4e044f4adf580000000000000000000000000000000000000000000000000000000000000008,"{'function_name': 'BuyItem', 'inputs': (<Function BuyItem()>, {})}"
3159,0x7c800707ac3ec649cd0b097fd38c1be55142e03be1ecb1907ce338c63ecc1334,0x7A4f14dcF116DDFAeB08E9E3E4615937FDd24621,0x0a04F19e99fC752ae14F7eBFb861818a08694c19,0,0x06f7fa160000000000000000000000000000000000000000000000000000000000000040000000000000000000000000000000000000000000000000000000000000000500000000000000000000000000000000000000000000000000000000000000015700000000000000000000000000000000000000000000000000000000000000,"{'function_name': 'BuyItem', 'inputs': (<Function BuyItem()>, {})}"
3161,0x873f5b8e4e296842869e072bbf6a80f161f4597b7a47f0a4a21b7903a41b3641,0x3F8306Adf9DDa2E06Fd068CA44220756d9FDeF65,0x0a04F19e99fC752ae14F7eBFb861818a08694c19,0,0x83c94768000000000000000000000000934e8d68e0b5b49054dad167564a4e044f4adf58000000000000000000000000666474a318918123e27b9d6f1283528c88f978270000000000000000000000000000000000000000000000000000000000000002,"{'function_name': 'BuyItem', 'inputs': (<Function BuyItem()>, {})}"
3164,0xe99de587ddc0cc42c08c2429a5ce73b62701a241998f46a157e524886f64388a,0x3F8306Adf9DDa2E06Fd068CA44220756d9FDeF65,0x0a04F19e99fC752ae14F7eBFb861818a08694c19,0,0x83c94768000000000000000000000000666474a318918123e27b9d6f1283528c88f97827000000000000000000000000934e8d68e0b5b49054dad167564a4e044f4adf580000000000000000000000000000000000000000000000000000000000000001,"{'function_name': 'BuyItem', 'inputs': (<Function BuyItem()>, {})}"
3170,0x0536ba5755117cbf993ac2a565dd806f4cf62f5d8dcdb60d43ef69ec3cc1a1a5,0x7A4f14dcF116DDFAeB08E9E3E4615937FDd24621,0x0a04F19e99fC752ae14F7eBFb861818a08694c19,0,0x06f7fa160000000000000000000000000000000000000000000000000000000000000040000000000000000000000000000000000000000000000000000000000000000200000000000000000000000000000000000000000000000000000000000000074f6b596135357200000000000000000000000000000000000000000000000000,"{'function_name': 'BuyItem', 'inputs': (<Function BuyItem()>, {})}"
3182,0xfe73b24671205bad5571e6d31483e6c02d6b5e42149992f8da9cf8ec3b97260e,0x3F8306Adf9DDa2E06Fd068CA44220756d9FDeF65,0x0a04F19e99fC752ae14F7eBFb861818a08694c19,0,0x83c94768000000000000000000000000934e8d68e0b5b49054dad167564a4e044f4adf58000000000000000000000000666474a318918123e27b9d6f1283528c88f978270000000000000000000000000000000000000000000000000000000000000007,"{'function_name': 'BuyItem', 'inputs': (<Function BuyItem()>, {})}"
