Block Number,Tx Hash,From,To,Value,Data,Deocde_data
1901,0xf96352e8bd3398c49e3f459c0bec1cc1e39d2ab4e467435b6221d062ac670959,0x3F8306Adf9DDa2E06Fd068CA44220756d9FDeF65,0x16eFf94312B4ce174EACED9ae49d42D4EeAD98dF,0,0x32226cde000000000000000000000000606ec1ca1c986462c52bde7bb7f694db08c1af72,"{'function_name': 'Complete', 'inputs': (<Function Complete()>, {})}"
1902,0x148292d9e949232fce966b9574aa9f3114966fd091a71dc6d985f72b0a9b0794,0x606Ec1CA1C986462C52bDE7Bb7F694DB08c1Af72,0x16eFf94312B4ce174EACED9ae49d42D4EeAD98dF,0,0x32226cde00000000000000000000000064dfeae370c5174b3595dbb1dc04651595b7da37,"{'function_name': 'TransferResponsibility', 'inputs': (<Function TransferResponsibility(address)>, {'newCounterparty': '0x606Ec1CA1C986462C52bDE7Bb7F694DB08c1Af72'})}"
1903,0x60c7703ec35fda781a158bef02966052e96184ecf999cebc6617c661dec6e7b1,0x64DFEAe370C5174B3595dBb1DC04651595b7Da37,0x16eFf94312B4ce174EACED9ae49d42D4EeAD98dF,0,0x32226cde00000000000000000000000003db6d217c76e42138a1d8125c9e06ed591e08b2,"{'function_name': 'TransferResponsibility', 'inputs': (<Function TransferResponsibility(address)>, {'newCounterparty': '0x64DFEAe370C5174B3595dBb1DC04651595b7Da37'})}"
1904,0xc8fe3c0be74ebef8760cbd2f4546fdf014eb0af138e4b6d0ea20b3553bec9aee,0x03Db6D217C76E42138A1d8125c9e06eD591e08b2,0x16eFf94312B4ce174EACED9ae49d42D4EeAD98dF,0,0x32226cde0000000000000000000000007a4f14dcf116ddfaeb08e9e3e4615937fdd24621,"{'function_name': 'TransferResponsibility', 'inputs': (<Function TransferResponsibility(address)>, {'newCounterparty': '0x03Db6D217C76E42138A1d8125c9e06eD591e08b2'})}"
1905,0x995dfd22e2d4d02dbf6a531fda27f13ed48b55e5520f1a1ec871dceeafb0de2b,0x7A4f14dcF116DDFAeB08E9E3E4615937FDd24621,0x16eFf94312B4ce174EACED9ae49d42D4EeAD98dF,0,0x32226cde000000000000000000000000606ec1ca1c986462c52bde7bb7f694db08c1af72,"{'function_name': 'TransferResponsibility', 'inputs': (<Function TransferResponsibility(address)>, {'newCounterparty': '0x7A4f14dcF116DDFAeB08E9E3E4615937FDd24621'})}"
1906,0x017cbbf140f0a1021d91fd30a108858297eb1a0292fac99043d4b33ca85a2fc2,0x934e8d68E0b5B49054dad167564A4E044F4aDF58,0x16eFf94312B4ce174EACED9ae49d42D4EeAD98dF,0,0x01b7dcb4,"{'function_name': 'TransferResponsibility', 'inputs': (<Function TransferResponsibility(address)>, {'newCounterparty': '0x606Ec1CA1C986462C52bDE7Bb7F694DB08c1Af72'})}"
