Block Number,Tx Hash,From,To,Value,Data,Deocde_data
1882,0xfc14ac09de8b061cd548db6adf8680853fa40caa36cf954ee3e333b802719e4d,0x3F8306Adf9DDa2E06Fd068CA44220756d9FDeF65,0x1c868fa355a1eadBcD28408af6E708eC4fe5f477,0,0x32226cde00000000000000000000000064dfeae370c5174b3595dbb1dc04651595b7da37,"{'function_name': 'Complete', 'inputs': (<Function Complete()>, {})}"
1883,0xe21c6b3ec7b464f48f1ae9ad7c59802c54bcb08c5848a31a5130789d60bddd7f,0x64DFEAe370C5174B3595dBb1DC04651595b7Da37,0x1c868fa355a1eadBcD28408af6E708eC4fe5f477,0,0x32226cde00000000000000000000000003db6d217c76e42138a1d8125c9e06ed591e08b2,"{'function_name': 'TransferResponsibility', 'inputs': (<Function TransferResponsibility(address)>, {'newCounterparty': '0x64DFEAe370C5174B3595dBb1DC04651595b7Da37'})}"
1884,0x3a16209e1dc80ce3ae321b37d5a314bf5451a1cb9fc35fe8f8c312777139c64b,0x03Db6D217C76E42138A1d8125c9e06eD591e08b2,0x1c868fa355a1eadBcD28408af6E708eC4fe5f477,0,0x32226cde00000000000000000000000035fa38d6e01f98b5e9f7672b0294177388bb381e,"{'function_name': 'TransferResponsibility', 'inputs': (<Function TransferResponsibility(address)>, {'newCounterparty': '0x03Db6D217C76E42138A1d8125c9e06eD591e08b2'})}"
1885,0x7466e49e8a8900405f8b4637ff8ff79dc5d714e57d810821bb0c9f7a8b209bd8,0x35fA38D6e01F98B5e9f7672b0294177388BB381e,0x1c868fa355a1eadBcD28408af6E708eC4fe5f477,0,0x32226cde000000000000000000000000666474a318918123e27b9d6f1283528c88f97827,"{'function_name': 'TransferResponsibility', 'inputs': (<Function TransferResponsibility(address)>, {'newCounterparty': '0x35fA38D6e01F98B5e9f7672b0294177388BB381e'})}"
1886,0x97e93ea943c101ae92a62a5723de2e571707a8895aea85edf41617b237ae93d7,0x666474a318918123e27b9d6f1283528C88f97827,0x1c868fa355a1eadBcD28408af6E708eC4fe5f477,0,0x32226cde0000000000000000000000007a4f14dcf116ddfaeb08e9e3e4615937fdd24621,"{'function_name': 'TransferResponsibility', 'inputs': (<Function TransferResponsibility(address)>, {'newCounterparty': '0x666474a318918123e27b9d6f1283528C88f97827'})}"
1887,0x06882736cb353a824b3f5ab047ca2ff7574144d66e3eb4a36149d189099f7277,0x7A4f14dcF116DDFAeB08E9E3E4615937FDd24621,0x1c868fa355a1eadBcD28408af6E708eC4fe5f477,0,0x32226cde000000000000000000000000934e8d68e0b5b49054dad167564a4e044f4adf58,"{'function_name': 'TransferResponsibility', 'inputs': (<Function TransferResponsibility(address)>, {'newCounterparty': '0x7A4f14dcF116DDFAeB08E9E3E4615937FDd24621'})}"
1888,0x3b50b792a921cb969a53b6cb52a729622365643172c26f21d33fac7c8aa0acff,0x934e8d68E0b5B49054dad167564A4E044F4aDF58,0x1c868fa355a1eadBcD28408af6E708eC4fe5f477,0,0x01b7dcb4,"{'function_name': 'TransferResponsibility', 'inputs': (<Function TransferResponsibility(address)>, {'newCounterparty': '0x934e8d68E0b5B49054dad167564A4E044F4aDF58'})}"
