Block Number,Tx Hash,From,To,Value,Data,Deocde_data
1938,0x78a256fef59023850403dd7d98d5a65e9bbcd82b5aa97d1bbf40ceead56c94c0,0x3F8306Adf9DDa2E06Fd068CA44220756d9FDeF65,0xA85Db872Fd9Fb6802d8fc0713b072257cbd77ED4,0,0x32226cde00000000000000000000000003db6d217c76e42138a1d8125c9e06ed591e08b2,"{'function_name': 'Complete', 'inputs': (<Function Complete()>, {})}"
1939,0x0cc4ad9303fca0c49201d30fa8764c3f0beaaed1ea4be754e63c7a2fac2b1d37,0x03Db6D217C76E42138A1d8125c9e06eD591e08b2,0xA85Db872Fd9Fb6802d8fc0713b072257cbd77ED4,0,0x32226cde0000000000000000000000007a4f14dcf116ddfaeb08e9e3e4615937fdd24621,"{'function_name': 'TransferResponsibility', 'inputs': (<Function TransferResponsibility(address)>, {'newCounterparty': '0x03Db6D217C76E42138A1d8125c9e06eD591e08b2'})}"
1940,0x5634f006f82e5bf962585575910dc3d059cd344fda2f4489979f8a9c579bedbc,0x7A4f14dcF116DDFAeB08E9E3E4615937FDd24621,0xA85Db872Fd9Fb6802d8fc0713b072257cbd77ED4,0,0x32226cde00000000000000000000000035fa38d6e01f98b5e9f7672b0294177388bb381e,"{'function_name': 'TransferResponsibility', 'inputs': (<Function TransferResponsibility(address)>, {'newCounterparty': '0x7A4f14dcF116DDFAeB08E9E3E4615937FDd24621'})}"
1941,0x7d02ccc70cbf062faa5f9c3396a613482521d69b5bd0e9e854d3d0008f42b2a9,0x35fA38D6e01F98B5e9f7672b0294177388BB381e,0xA85Db872Fd9Fb6802d8fc0713b072257cbd77ED4,0,0x32226cde000000000000000000000000606ec1ca1c986462c52bde7bb7f694db08c1af72,"{'function_name': 'TransferResponsibility', 'inputs': (<Function TransferResponsibility(address)>, {'newCounterparty': '0x35fA38D6e01F98B5e9f7672b0294177388BB381e'})}"
1942,0x8cf9335fda2df66d8efb2aad46a5666d56baa8e28033a9b46082ac856b7f8fa0,0x934e8d68E0b5B49054dad167564A4E044F4aDF58,0xA85Db872Fd9Fb6802d8fc0713b072257cbd77ED4,0,0x01b7dcb4,"{'function_name': 'TransferResponsibility', 'inputs': (<Function TransferResponsibility(address)>, {'newCounterparty': '0x606Ec1CA1C986462C52bDE7Bb7F694DB08c1Af72'})}"
