Block Number,Tx Hash,From,To,Value,Data,Deocde_data
1861,0xaf79616250b4ef07d02955e5f29a6badecda53307ee3de36a53ba1a0468f45d3,0x3F8306Adf9DDa2E06Fd068CA44220756d9FDeF65,0xB9BD06E14B527CbC64770a89009abB30dC2Ddf66,0,0x32226cde000000000000000000000000606ec1ca1c986462c52bde7bb7f694db08c1af72,"{'function_name': 'Complete', 'inputs': (<Function Complete()>, {})}"
1862,0x9da4e695b7b4b030aa9cd687e04838d3b708598f94b32991e86efc707c571ab3,0x606Ec1CA1C986462C52bDE7Bb7F694DB08c1Af72,0xB9BD06E14B527CbC64770a89009abB30dC2Ddf66,0,0x32226cde000000000000000000000000934e8d68e0b5b49054dad167564a4e044f4adf58,"{'function_name': 'TransferResponsibility', 'inputs': (<Function TransferResponsibility(address)>, {'newCounterparty': '0x606Ec1CA1C986462C52bDE7Bb7F694DB08c1Af72'})}"
1863,0xd421d6a322ed99d60d3824a90dc367514861bbe8432257d5094401b4e245f104,0x934e8d68E0b5B49054dad167564A4E044F4aDF58,0xB9BD06E14B527CbC64770a89009abB30dC2Ddf66,0,0x32226cde0000000000000000000000000167a993b82fef5033645b2bc345325646b3fded,"{'function_name': 'TransferResponsibility', 'inputs': (<Function TransferResponsibility(address)>, {'newCounterparty': '0x934e8d68E0b5B49054dad167564A4E044F4aDF58'})}"
1864,0x31094fa268f772d856a6deba0e22717c027c6561473e0744cb27762f5bd5d4b9,0x934e8d68E0b5B49054dad167564A4E044F4aDF58,0xB9BD06E14B527CbC64770a89009abB30dC2Ddf66,0,0x01b7dcb4,"{'function_name': 'TransferResponsibility', 'inputs': (<Function TransferResponsibility(address)>, {'newCounterparty': '0x0167a993B82feF5033645b2Bc345325646B3FDEd'})}"
