Block Number,Tx Hash,From,To,Value,Data,Deocde_data
1943,0x3df1c709b63d8aa3a3dadf83815853f13f0bddb3479475d9d93af7363ff8891c,0x3F8306Adf9DDa2E06Fd068CA44220756d9FDeF65,0xe513F25219e71f12F99256bB4AE828D06fcd5baA,0,0x32226cde00000000000000000000000003db6d217c76e42138a1d8125c9e06ed591e08b2,"{'function_name': 'Complete', 'inputs': (<Function Complete()>, {})}"
1944,0x72796b10243f11d297c8355ba40d8389810e20c63688bc62ed70cda617c87f03,0x03Db6D217C76E42138A1d8125c9e06eD591e08b2,0xe513F25219e71f12F99256bB4AE828D06fcd5baA,0,0x32226cde000000000000000000000000934e8d68e0b5b49054dad167564a4e044f4adf58,"{'function_name': 'TransferResponsibility', 'inputs': (<Function TransferResponsibility(address)>, {'newCounterparty': '0x03Db6D217C76E42138A1d8125c9e06eD591e08b2'})}"
1945,0x593039e256788e3df6d5d827071230ec6bf0ef249fe5367c05c8ba13f310dc36,0x934e8d68E0b5B49054dad167564A4E044F4aDF58,0xe513F25219e71f12F99256bB4AE828D06fcd5baA,0,0x32226cde00000000000000000000000003db6d217c76e42138a1d8125c9e06ed591e08b2,"{'function_name': 'TransferResponsibility', 'inputs': (<Function TransferResponsibility(address)>, {'newCounterparty': '0x934e8d68E0b5B49054dad167564A4E044F4aDF58'})}"
1946,0xf6248ba1969862266294d8f5b949c87fa5b77f4c96c18eb342ab83ec127a2478,0x934e8d68E0b5B49054dad167564A4E044F4aDF58,0xe513F25219e71f12F99256bB4AE828D06fcd5baA,0,0x01b7dcb4,"{'function_name': 'TransferResponsibility', 'inputs': (<Function TransferResponsibility(address)>, {'newCounterparty': '0x03Db6D217C76E42138A1d8125c9e06eD591e08b2'})}"
