Block Number,Tx Hash,From,To,Value,Data,Deocde_data
1924,0x825401ea93a05bcf45f81c720108d988b06ddac082e6da2c755339b305fb0099,0x3F8306Adf9DDa2E06Fd068CA44220756d9FDeF65,0x0B5a4AE3b917C60ad725698Ceb54594D0B41178f,0,0x32226cde000000000000000000000000606ec1ca1c986462c52bde7bb7f694db08c1af72,"{'function_name': 'Complete', 'inputs': (<Function Complete()>, {})}"
1925,0x847299d3c60001ead21dd35aafd69871798c2ee955703d7cefea57be74c5fe74,0x606Ec1CA1C986462C52bDE7Bb7F694DB08c1Af72,0x0B5a4AE3b917C60ad725698Ceb54594D0B41178f,0,0x32226cde00000000000000000000000064dfeae370c5174b3595dbb1dc04651595b7da37,"{'function_name': 'TransferResponsibility', 'inputs': (<Function TransferResponsibility(address)>, {'newCounterparty': '0x606Ec1CA1C986462C52bDE7Bb7F694DB08c1Af72'})}"
1926,0x4de84744357275b53cd69dcc5545f07d6fb7f1664f5ad9697f9cb30447560ddc,0x64DFEAe370C5174B3595dBb1DC04651595b7Da37,0x0B5a4AE3b917C60ad725698Ceb54594D0B41178f,0,0x32226cde000000000000000000000000606ec1ca1c986462c52bde7bb7f694db08c1af72,"{'function_name': 'TransferResponsibility', 'inputs': (<Function TransferResponsibility(address)>, {'newCounterparty': '0x64DFEAe370C5174B3595dBb1DC04651595b7Da37'})}"
1927,0x2bd280cd8dfdf93415a44b96bc14eeabeac50390cf814c7e51978967630d9ab9,0x606Ec1CA1C986462C52bDE7Bb7F694DB08c1Af72,0x0B5a4AE3b917C60ad725698Ceb54594D0B41178f,0,0x32226cde0000000000000000000000003f8306adf9dda2e06fd068ca44220756d9fdef65,"{'function_name': 'TransferResponsibility', 'inputs': (<Function TransferResponsibility(address)>, {'newCounterparty': '0x606Ec1CA1C986462C52bDE7Bb7F694DB08c1Af72'})}"
1928,0x4a0f6aabe53f238faa513b49f13a49b5a78cc334fbf0e6229cdead9b163aa04f,0x934e8d68E0b5B49054dad167564A4E044F4aDF58,0x0B5a4AE3b917C60ad725698Ceb54594D0B41178f,0,0x01b7dcb4,"{'function_name': 'TransferResponsibility', 'inputs': (<Function TransferResponsibility(address)>, {'newCounterparty': '0x3F8306Adf9DDa2E06Fd068CA44220756d9FDeF65'})}"
