Block Number,Tx Hash,From,To,Value,Data,Deocde_data
1798,0x119f5aff4803808675551e1985451ce7f7f59601c19e262d50b4a2d1125ae8b6,0x3F8306Adf9DDa2E06Fd068CA44220756d9FDeF65,0x17788783B54347E1f5D47550B28b270E550f3170,0,0x32226cde00000000000000000000000064dfeae370c5174b3595dbb1dc04651595b7da37,"{'function_name': 'Complete', 'inputs': (<Function Complete()>, {})}"
1799,0xf354c017983d27c2aff34d36e85fbe96c7461604f5d8a38e2f1bc2f97cb4e534,0x64DFEAe370C5174B3595dBb1DC04651595b7Da37,0x17788783B54347E1f5D47550B28b270E550f3170,0,0x32226cde000000000000000000000000606ec1ca1c986462c52bde7bb7f694db08c1af72,"{'function_name': 'TransferResponsibility', 'inputs': (<Function TransferResponsibility(address)>, {'newCounterparty': '0x64DFEAe370C5174B3595dBb1DC04651595b7Da37'})}"
1800,0x6ed3f24424129cedd6f23d5b9aae11e3d2a402f239774b435d009386cb128504,0x606Ec1CA1C986462C52bDE7Bb7F694DB08c1Af72,0x17788783B54347E1f5D47550B28b270E550f3170,0,0x32226cde00000000000000000000000020e646ca24a51e324ad07644245a07feed0426c2,"{'function_name': 'TransferResponsibility', 'inputs': (<Function TransferResponsibility(address)>, {'newCounterparty': '0x606Ec1CA1C986462C52bDE7Bb7F694DB08c1Af72'})}"
1801,0x567a63bedac63f2eb485c68bc57714f7f7b643ebe5a20da48789b562dfef5711,0x20E646cA24A51E324aD07644245a07fEed0426C2,0x17788783B54347E1f5D47550B28b270E550f3170,0,0x32226cde0000000000000000000000003f8306adf9dda2e06fd068ca44220756d9fdef65,"{'function_name': 'TransferResponsibility', 'inputs': (<Function TransferResponsibility(address)>, {'newCounterparty': '0x20E646cA24A51E324aD07644245a07fEed0426C2'})}"
1802,0xfdf8e9a8a718e9892b0e0ca2687cc754c736c91039dddc24da5139a6f30678b3,0x3F8306Adf9DDa2E06Fd068CA44220756d9FDeF65,0x17788783B54347E1f5D47550B28b270E550f3170,0,0x32226cde00000000000000000000000020e646ca24a51e324ad07644245a07feed0426c2,"{'function_name': 'TransferResponsibility', 'inputs': (<Function TransferResponsibility(address)>, {'newCounterparty': '0x3F8306Adf9DDa2E06Fd068CA44220756d9FDeF65'})}"
1803,0xfe35c642fdab6c62a78e0cbf62af6ba36149cb58dcd91ecd117e59bffab63ed7,0x934e8d68E0b5B49054dad167564A4E044F4aDF58,0x17788783B54347E1f5D47550B28b270E550f3170,0,0x01b7dcb4,"{'function_name': 'TransferResponsibility', 'inputs': (<Function TransferResponsibility(address)>, {'newCounterparty': '0x20E646cA24A51E324aD07644245a07fEed0426C2'})}"
