Block Number,Tx Hash,From,To,Value,Data,Deocde_data
1910,0xcf772c90416fbb040ce84e62c31a82cf997f5882e1f747338bf765ebc408b583,0x3F8306Adf9DDa2E06Fd068CA44220756d9FDeF65,0x4192851E72110A1295Ef76F41154f009C577Ac8A,0,0x32226cde000000000000000000000000606ec1ca1c986462c52bde7bb7f694db08c1af72,"{'function_name': 'Complete', 'inputs': (<Function Complete()>, {})}"
1911,0xaeb5d4aa72ccc23e6e139174d4b99aec82835e11209035ce07934503ef04b362,0x606Ec1CA1C986462C52bDE7Bb7F694DB08c1Af72,0x4192851E72110A1295Ef76F41154f009C577Ac8A,0,0x32226cde000000000000000000000000606ec1ca1c986462c52bde7bb7f694db08c1af72,"{'function_name': 'TransferResponsibility', 'inputs': (<Function TransferResponsibility(address)>, {'newCounterparty': '0x606Ec1CA1C986462C52bDE7Bb7F694DB08c1Af72'})}"
1912,0xb688f9d94d6a042daaa1862f0b516b8b84b70753b6cfe0a98d143a1a09deba07,0x606Ec1CA1C986462C52bDE7Bb7F694DB08c1Af72,0x4192851E72110A1295Ef76F41154f009C577Ac8A,0,0x32226cde000000000000000000000000606ec1ca1c986462c52bde7bb7f694db08c1af72,"{'function_name': 'TransferResponsibility', 'inputs': (<Function TransferResponsibility(address)>, {'newCounterparty': '0x606Ec1CA1C986462C52bDE7Bb7F694DB08c1Af72'})}"
1913,0x653d14d12d93e88ae04d8b61f5d8118c260aaf545910c5814f1a0702214ceb2d,0x606Ec1CA1C986462C52bDE7Bb7F694DB08c1Af72,0x4192851E72110A1295Ef76F41154f009C577Ac8A,0,0x32226cde00000000000000000000000003db6d217c76e42138a1d8125c9e06ed591e08b2,"{'function_name': 'TransferResponsibility', 'inputs': (<Function TransferResponsibility(address)>, {'newCounterparty': '0x606Ec1CA1C986462C52bDE7Bb7F694DB08c1Af72'})}"
1914,0x581008d42004bf31c4d0fe0cb41bed235851302531c23890718dc42fda683d55,0x934e8d68E0b5B49054dad167564A4E044F4aDF58,0x4192851E72110A1295Ef76F41154f009C577Ac8A,0,0x01b7dcb4,"{'function_name': 'TransferResponsibility', 'inputs': (<Function TransferResponsibility(address)>, {'newCounterparty': '0x03Db6D217C76E42138A1d8125c9e06eD591e08b2'})}"
