Block Number,Tx Hash,From,To,Value,Data,Decode_data
208,0x80c3972fd69c52e5bfd5191c595aaa87913d82a2263a49081384fb4c73fac375,0x64DFEAe370C5174B3595dBb1DC04651595b7Da37,0x636D7121f77c0C82A4F6c5AB8773647bb8eD98fE,0,0x32226cde000000000000000000000000666474a318918123e27b9d6f1283528c88f97827,"{'function_name': 'TransferResponsibility', 'inputs': (<Function TransferResponsibility(address)>, {'newCounterparty': '0x666474a318918123e27b9d6f1283528C88f97827'})}"
209,0xec4e064e8adcce5deeff11e99d94c51182c17c7f65969edbf4aef7c90478bf1f,0x666474a318918123e27b9d6f1283528C88f97827,0x636D7121f77c0C82A4F6c5AB8773647bb8eD98fE,0,0x32226cde00000000000000000000000035fa38d6e01f98b5e9f7672b0294177388bb381e,"{'function_name': 'TransferResponsibility', 'inputs': (<Function TransferResponsibility(address)>, {'newCounterparty': '0x35fA38D6e01F98B5e9f7672b0294177388BB381e'})}"
210,0x49351dd65c86c89a47079b9400bbe660a6ff6035e567a746317eed5f300e5dc5,0x35fA38D6e01F98B5e9f7672b0294177388BB381e,0x636D7121f77c0C82A4F6c5AB8773647bb8eD98fE,0,0x32226cde0000000000000000000000000167a993b82fef5033645b2bc345325646b3fded,"{'function_name': 'TransferResponsibility', 'inputs': (<Function TransferResponsibility(address)>, {'newCounterparty': '0x0167a993B82feF5033645b2Bc345325646B3FDEd'})}"
211,0x1f9e73b1d48045a26b11fb3eff9575c06aad7edba0a770f58df74b6383cd5c54,0x20E646cA24A51E324aD07644245a07fEed0426C2,0x636D7121f77c0C82A4F6c5AB8773647bb8eD98fE,0,0x01b7dcb4,"{'function_name': 'Complete', 'inputs': (<Function Complete()>, {})}"
