Block Number,Tx Hash,From,To,Value,Data,Deocde_data
2025,0x836fc7a8f1e08018e0a1e94125fafc3a61249a218f7112958633bc98833e8c10,0x64DFEAe370C5174B3595dBb1DC04651595b7Da37,0x357E701cE61A01B5aa429547969dB504bac51055,0,0x85b44a2600000000000000000000000000000000000000000000000000000000000002e7,"{'function_name': 'AcceptOffer', 'inputs': (<Function AcceptOffer()>, {})}"
2026,0x61232aa8cf98ffe56e08558ade8075ad1e2bf497a3bb48b4788d29f4456e828d,0x3F8306Adf9DDa2E06Fd068CA44220756d9FDeF65,0x357E701cE61A01B5aa429547969dB504bac51055,0,0xcba59827,"{'function_name': 'MakeOffer', 'inputs': (<Function MakeOffer(int256)>, {'offerPrice': 743})}"
2027,0x52ad64ae9d557af0dce010907a75d7779a472db318f4859a4417bc22649c6616,0x606Ec1CA1C986462C52bDE7Bb7F694DB08c1Af72,0x357E701cE61A01B5aa429547969dB504bac51055,0,0x85b44a2600000000000000000000000000000000000000000000000000000000000001d4,"{'function_name': 'Reject', 'inputs': (<Function Reject()>, {})}"
2028,0x89ac636158dae517c6b032059961dba2065e21b1a23d542125fcedb61928d33e,0x3F8306Adf9DDa2E06Fd068CA44220756d9FDeF65,0x357E701cE61A01B5aa429547969dB504bac51055,0,0xcba59827,"{'function_name': 'MakeOffer', 'inputs': (<Function MakeOffer(int256)>, {'offerPrice': 468})}"
2029,0x0557c40ba2e009f16cf79a9ed0df828a4798c60ce7930a58eafe494a6212276c,0x20E646cA24A51E324aD07644245a07fEed0426C2,0x357E701cE61A01B5aa429547969dB504bac51055,0,0x85b44a260000000000000000000000000000000000000000000000000000000000000340,"{'function_name': 'Reject', 'inputs': (<Function Reject()>, {})}"
2030,0x7735866d729879d7084e1b58ba3fe952dfe72a004eb973a2a01305be22fbd084,0x3F8306Adf9DDa2E06Fd068CA44220756d9FDeF65,0x357E701cE61A01B5aa429547969dB504bac51055,0,0xd12cd942,"{'function_name': 'MakeOffer', 'inputs': (<Function MakeOffer(int256)>, {'offerPrice': 832})}"
