Block Number,Tx Hash,From,To,Value,Data,Deocde_data
2062,0x8ca8d3e35d131e19e58f743afd273e82b9e341c4cdfcc849b3ae7db4f1a6acc4,0x606Ec1CA1C986462C52bDE7Bb7F694DB08c1Af72,0x649569590D616039F9fF96045113103B974566e8,0,0x85b44a2600000000000000000000000000000000000000000000000000000000000000cd,"{'function_name': 'AcceptOffer', 'inputs': (<Function AcceptOffer()>, {})}"
2063,0x4354a94d3253ad29d0f650538271f8d6701834433c8b09e8b54b89b321a60e99,0x3F8306Adf9DDa2E06Fd068CA44220756d9FDeF65,0x649569590D616039F9fF96045113103B974566e8,0,0xcba59827,"{'function_name': 'MakeOffer', 'inputs': (<Function MakeOffer(int256)>, {'offerPrice': 205})}"
2064,0xa0f5175567383450b5de92171c1cd3232550d714c443e26b769e6417bba4247c,0x666474a318918123e27b9d6f1283528C88f97827,0x649569590D616039F9fF96045113103B974566e8,0,0x85b44a2600000000000000000000000000000000000000000000000000000000000002b0,"{'function_name': 'Reject', 'inputs': (<Function Reject()>, {})}"
2065,0xd87977087b5590570bd986eee7e173a1ff8ba34586b405336f4a96c75bc40bc9,0x3F8306Adf9DDa2E06Fd068CA44220756d9FDeF65,0x649569590D616039F9fF96045113103B974566e8,0,0xcba59827,"{'function_name': 'MakeOffer', 'inputs': (<Function MakeOffer(int256)>, {'offerPrice': 688})}"
2066,0x90804f56a3b592b42eeab06b04c4eeef8903799f7f896ad52405e4aa47f14641,0x0167a993B82feF5033645b2Bc345325646B3FDEd,0x649569590D616039F9fF96045113103B974566e8,0,0x85b44a26000000000000000000000000000000000000000000000000000000000000036e,"{'function_name': 'Reject', 'inputs': (<Function Reject()>, {})}"
2067,0x4067560dd85e2e041b22d9367251278c0904c97c8413b154e4cd7846bf1f12ea,0x3F8306Adf9DDa2E06Fd068CA44220756d9FDeF65,0x649569590D616039F9fF96045113103B974566e8,0,0xcba59827,"{'function_name': 'MakeOffer', 'inputs': (<Function MakeOffer(int256)>, {'offerPrice': 878})}"
2068,0xef8ab819114f9b1675c09dd47bd4f7bfbe73125e1300c156d6583b6dc3e4ee0c,0x3F8306Adf9DDa2E06Fd068CA44220756d9FDeF65,0x649569590D616039F9fF96045113103B974566e8,0,0xd12cd942,"{'function_name': 'Reject', 'inputs': (<Function Reject()>, {})}"
