Block Number,Tx Hash,From,To,Value,Data,Deocde_data
2007,0xfc3c94973bf3a4937b9f55003c6fe1bcfe9d3b75e9b6da4bdb84b8aaa90a8a3f,0x7A4f14dcF116DDFAeB08E9E3E4615937FDd24621,0x661b93f6f5dbD9a7A49cD4114ebB25D20d657e40,0,0x85b44a26000000000000000000000000000000000000000000000000000000000000001d,"{'function_name': 'AcceptOffer', 'inputs': (<Function AcceptOffer()>, {})}"
2008,0xdd079917a00f8a605a7359bdfac0ab93c25c6c56c51e5a6ea33406635eb4ae40,0x3F8306Adf9DDa2E06Fd068CA44220756d9FDeF65,0x661b93f6f5dbD9a7A49cD4114ebB25D20d657e40,0,0xcba59827,"{'function_name': 'MakeOffer', 'inputs': (<Function MakeOffer(int256)>, {'offerPrice': 29})}"
2009,0xbd4b356867180bdc3070ad66682d1fff5c5271a73d87e9f4fdfbc94d3ecd8fae,0x03Db6D217C76E42138A1d8125c9e06eD591e08b2,0x661b93f6f5dbD9a7A49cD4114ebB25D20d657e40,0,0x85b44a2600000000000000000000000000000000000000000000000000000000000002e4,"{'function_name': 'Reject', 'inputs': (<Function Reject()>, {})}"
2010,0xfb667b7bd873b59a0a43fd292eec33cf788287ae6c5c7d80e106fedd3998d6a2,0x3F8306Adf9DDa2E06Fd068CA44220756d9FDeF65,0x661b93f6f5dbD9a7A49cD4114ebB25D20d657e40,0,0xd12cd942,"{'function_name': 'MakeOffer', 'inputs': (<Function MakeOffer(int256)>, {'offerPrice': 740})}"
