Block Number,Tx Hash,From,To,Value,Data,Deocde_data
2013,0x8f9ea6f6f5e19725998cf2bb1d2a1597c15588f5e0353318a153557e3afed043,0x03Db6D217C76E42138A1d8125c9e06eD591e08b2,0x7a5B871964495033b62F4A81cEF724DAa0CDAe51,0,0x85b44a2600000000000000000000000000000000000000000000000000000000000002a2,"{'function_name': 'AcceptOffer', 'inputs': (<Function AcceptOffer()>, {})}"
2014,0x9746e6f3d1fd0bb4702d1aaa8d4e26062ee9be87813fbf9f0a1190ccfb7e0132,0x3F8306Adf9DDa2E06Fd068CA44220756d9FDeF65,0x7a5B871964495033b62F4A81cEF724DAa0CDAe51,0,0xcba59827,"{'function_name': 'MakeOffer', 'inputs': (<Function MakeOffer(int256)>, {'offerPrice': 674})}"
2015,0x7ee4839452aeac71621c63153eda29fcc5ff02d17f3082fd43c28f11321fd4a7,0x606Ec1CA1C986462C52bDE7Bb7F694DB08c1Af72,0x7a5B871964495033b62F4A81cEF724DAa0CDAe51,0,0x85b44a26000000000000000000000000000000000000000000000000000000000000012d,"{'function_name': 'Reject', 'inputs': (<Function Reject()>, {})}"
2016,0x4caf9466a1ae26fefeff404bb0cd050a08bbdec8c2b4cf717bb55386cfa6bbad,0x3F8306Adf9DDa2E06Fd068CA44220756d9FDeF65,0x7a5B871964495033b62F4A81cEF724DAa0CDAe51,0,0xd12cd942,"{'function_name': 'MakeOffer', 'inputs': (<Function MakeOffer(int256)>, {'offerPrice': 301})}"
