Block Number,Tx Hash,From,To,Value,Data,Deocde_data
2527,0x675bf7c0ec33e84226902c12ddbbbecd61e724960a1a47875c4ad4d1392e64e6,0x934e8d68E0b5B49054dad167564A4E044F4aDF58,0x14CEFB0449E5Bb70DA50f9F4d4c384768ecBCa9e,0,0xaf3465f6,"{'function_name': 'ListItem', 'inputs': (<Function ListItem(string,int256)>, {'itemName': 'k2uofJ', 'itemPrice': 8})}"
2531,0xa56de8c75945d1cd8108003fc99bb0c43b7d4920ddda2a0078e67d609b29fcd6,0x666474a318918123e27b9d6f1283528C88f97827,0x14CEFB0449E5Bb70DA50f9F4d4c384768ecBCa9e,0,0xaf3465f6,"{'function_name': 'UpdateBalance', 'inputs': (<Function UpdateBalance(address,address,int256)>, {'sellerParty': '0x934e8d68E0b5B49054dad167564A4E044F4aDF58', 'buyerParty': '0x666474a318918123e27b9d6f1283528C88f97827', 'itemPrice': 8})}"
2533,0x159fd6372edfd424ffb76cd48fc02cce5701fd1ba6b890c0b993ce424fdb649e,0x934e8d68E0b5B49054dad167564A4E044F4aDF58,0x14CEFB0449E5Bb70DA50f9F4d4c384768ecBCa9e,0,0xaf3465f6,"{'function_name': 'UpdateBalance', 'inputs': (<Function UpdateBalance(address,address,int256)>, {'sellerParty': '0x666474a318918123e27b9d6f1283528C88f97827', 'buyerParty': '0x934e8d68E0b5B49054dad167564A4E044F4aDF58', 'itemPrice': 5})}"
2537,0x1b82b71a08829b2ba9f32d835a13835214b1cf279a50b439032a922155d0b788,0x934e8d68E0b5B49054dad167564A4E044F4aDF58,0x14CEFB0449E5Bb70DA50f9F4d4c384768ecBCa9e,0,0xaf3465f6,"{'function_name': 'UpdateBalance', 'inputs': (<Function UpdateBalance(address,address,int256)>, {'sellerParty': '0x666474a318918123e27b9d6f1283528C88f97827', 'buyerParty': '0x934e8d68E0b5B49054dad167564A4E044F4aDF58', 'itemPrice': 7})}"
