Block Number,Tx Hash,From,To,Value,Data,Deocde_data
2808,0xf3d958f480ad43ac6c59a16801c6350781041682c8906f666b49554a4481d9c2,0x934e8d68E0b5B49054dad167564A4E044F4aDF58,0xD1D5F7b4310E15Ce1d0231bc93D2e6e6F0533b09,0,0xaf3465f6,"{'function_name': 'ListItem', 'inputs': (<Function ListItem(string,int256)>, {'itemName': 'jQ1z6ovE', 'itemPrice': 3})}"
2812,0x7628aba556ad1bca3f3a1d271b5219214d3319dcfb81282b5c7017ece1e235eb,0x666474a318918123e27b9d6f1283528C88f97827,0xD1D5F7b4310E15Ce1d0231bc93D2e6e6F0533b09,0,0xaf3465f6,"{'function_name': 'UpdateBalance', 'inputs': (<Function UpdateBalance(address,address,int256)>, {'sellerParty': '0x934e8d68E0b5B49054dad167564A4E044F4aDF58', 'buyerParty': '0x666474a318918123e27b9d6f1283528C88f97827', 'itemPrice': 8})}"
2816,0x015f6cec1875af23b50cfb2f789cb5e59eec89e6fa3cdacadffe1585a9000408,0x934e8d68E0b5B49054dad167564A4E044F4aDF58,0xD1D5F7b4310E15Ce1d0231bc93D2e6e6F0533b09,0,0xaf3465f6,"{'function_name': 'UpdateBalance', 'inputs': (<Function UpdateBalance(address,address,int256)>, {'sellerParty': '0x934e8d68E0b5B49054dad167564A4E044F4aDF58', 'buyerParty': '0x666474a318918123e27b9d6f1283528C88f97827', 'itemPrice': 3})}"
2820,0xc824ad31499ae395670f86238b307c5566113aaaaee8f3ae79e5d371c332c7b2,0x666474a318918123e27b9d6f1283528C88f97827,0xD1D5F7b4310E15Ce1d0231bc93D2e6e6F0533b09,0,0xaf3465f6,"{'function_name': 'UpdateBalance', 'inputs': (<Function UpdateBalance(address,address,int256)>, {'sellerParty': '0x934e8d68E0b5B49054dad167564A4E044F4aDF58', 'buyerParty': '0x666474a318918123e27b9d6f1283528C88f97827', 'itemPrice': 1})}"
