Block Number,Tx Hash,From,To,Value,Data,Deocde_data
245,0x452716e87226eb4ab651bfadd5f760d27428fa3b8783e57a3faa47731ec12b50,0x666474a318918123e27b9d6f1283528C88f97827,0xf7FAB9ecf9BF6F89d7648Cc5c312e63D10eAf142,0,0xb554a6210000000000000000000000000000000000000000000000000000000000000001,"{'function_name': 'StartThermostat', 'inputs': (<Function StartThermostat()>, {})}"
246,0xac805e91e9b45fad571249d2d24c81296a32060c4c1496ab835a6aca5a45af6b,0x666474a318918123e27b9d6f1283528C88f97827,0xf7FAB9ecf9BF6F89d7648Cc5c312e63D10eAf142,0,0xb554a6210000000000000000000000000000000000000000000000000000000000000003,"{'function_name': 'SetMode', 'inputs': (<Function SetMode(uint8)>, {'mode': 1})}"
247,0x314285ab49c280301c97bd98aef8d296e409b0c77313df85868f049598591cf5,0x666474a318918123e27b9d6f1283528C88f97827,0xf7FAB9ecf9BF6F89d7648Cc5c312e63D10eAf142,0,0xb554a6210000000000000000000000000000000000000000000000000000000000000001,"{'function_name': 'SetMode', 'inputs': (<Function SetMode(uint8)>, {'mode': 3})}"
248,0x4f2408afa458a20c4898dd94ebf787283c0ded2b732543a2706883f53786e195,0x666474a318918123e27b9d6f1283528C88f97827,0xf7FAB9ecf9BF6F89d7648Cc5c312e63D10eAf142,0,0x4a542ae2000000000000000000000000000000000000000000000000000000000000000b,"{'function_name': 'SetMode', 'inputs': (<Function SetMode(uint8)>, {'mode': 1})}"
251,0x7fbd0e76a02130efeb16ecf586243ff44ef4bc3d38100847a5b0319b701200b0,0x666474a318918123e27b9d6f1283528C88f97827,0xf7FAB9ecf9BF6F89d7648Cc5c312e63D10eAf142,0,0x4a542ae20000000000000000000000000000000000000000000000000000000000008c23,"{'function_name': 'SetTargetTemperature', 'inputs': (<Function SetTargetTemperature(int256)>, {'targetTemperature': 11})}"
252,0xd342170d00d62d04a2927045bbdeef7368d7759e66d3d297a24b2f49df17de2a,0x666474a318918123e27b9d6f1283528C88f97827,0xf7FAB9ecf9BF6F89d7648Cc5c312e63D10eAf142,0,0x4a542ae20000000000000000000000000000000000000000000000000000000000002000,"{'function_name': 'SetTargetTemperature', 'inputs': (<Function SetTargetTemperature(int256)>, {'targetTemperature': 35875})}"
253,0x1440072750c81897d93dd0c9dc6250cd4af9c0b74bb8ea00d7b4f1d59d1593c9,0x666474a318918123e27b9d6f1283528C88f97827,0xf7FAB9ecf9BF6F89d7648Cc5c312e63D10eAf142,0,0xb554a6210000000000000000000000000000000000000000000000000000000000000000,"{'function_name': 'SetTargetTemperature', 'inputs': (<Function SetTargetTemperature(int256)>, {'targetTemperature': 8192})}"
254,0x5b3fe76a3e15ae3b75befc31220c37adc464281c0d7b2455af9cf356703995a9,0x666474a318918123e27b9d6f1283528C88f97827,0xf7FAB9ecf9BF6F89d7648Cc5c312e63D10eAf142,0,0x4a542ae2000000000000000000000000000000000000000000000000000000000000f9b8,"{'function_name': 'SetMode', 'inputs': (<Function SetMode(uint8)>, {'mode': 0})}"
255,0xb844cdca0eac38fbb00d6e53b989e370d6213916bd0e23a97f714fa90942b45f,0x666474a318918123e27b9d6f1283528C88f97827,0xf7FAB9ecf9BF6F89d7648Cc5c312e63D10eAf142,0,0xb554a6210000000000000000000000000000000000000000000000000000000000000001,"{'function_name': 'SetTargetTemperature', 'inputs': (<Function SetTargetTemperature(int256)>, {'targetTemperature': 63928})}"
256,0xcf8ffae1530ab04a811466c1bb23e32a4da2945f703970457ae5257076a03a4a,0x666474a318918123e27b9d6f1283528C88f97827,0xf7FAB9ecf9BF6F89d7648Cc5c312e63D10eAf142,0,0xb554a6210000000000000000000000000000000000000000000000000000000000000000,"{'function_name': 'SetMode', 'inputs': (<Function SetMode(uint8)>, {'mode': 1})}"
257,0xd520b2b97e9c3686195080df2e6107c4814cc4f383a0023b7fe0fcb996b87e3b,0x666474a318918123e27b9d6f1283528C88f97827,0xf7FAB9ecf9BF6F89d7648Cc5c312e63D10eAf142,0,0xb554a6210000000000000000000000000000000000000000000000000000000000000000,"{'function_name': 'SetMode', 'inputs': (<Function SetMode(uint8)>, {'mode': 0})}"
258,0x3e1173c0b4aeb1d0567cec71f7d220276e6c1852c959027f2ddb62a73bc2ef53,0x666474a318918123e27b9d6f1283528C88f97827,0xf7FAB9ecf9BF6F89d7648Cc5c312e63D10eAf142,0,0x4a542ae20000000000000000000000000000000000000000000000000000000000001040,"{'function_name': 'SetMode', 'inputs': (<Function SetMode(uint8)>, {'mode': 0})}"
259,0x62315deb41d4ce951400ee2e35358ec0af90f16233bbf0ebe59641de4be1c2a1,0x666474a318918123e27b9d6f1283528C88f97827,0xf7FAB9ecf9BF6F89d7648Cc5c312e63D10eAf142,0,0xb554a6210000000000000000000000000000000000000000000000000000000000000002,"{'function_name': 'SetTargetTemperature', 'inputs': (<Function SetTargetTemperature(int256)>, {'targetTemperature': 4160})}"
260,0xa0ac2969ea771a18f03c3307e2427213049a7a1623aaf278634f459dbbd8611d,0x666474a318918123e27b9d6f1283528C88f97827,0xf7FAB9ecf9BF6F89d7648Cc5c312e63D10eAf142,0,0x4a542ae20000000000000000000000000000000000000000000000000000000000004002,"{'function_name': 'SetMode', 'inputs': (<Function SetMode(uint8)>, {'mode': 2})}"
261,0x69b039a3f8b602de747afd917cc8d4061636c1efe845d4d99ce311923846a410,0x666474a318918123e27b9d6f1283528C88f97827,0xf7FAB9ecf9BF6F89d7648Cc5c312e63D10eAf142,0,0x4a542ae200000000000000000000000000000000000000000000000000000000000070e2,"{'function_name': 'SetTargetTemperature', 'inputs': (<Function SetTargetTemperature(int256)>, {'targetTemperature': 16386})}"
262,0xcfe6cfd1e2dfa7cb405d2e2a39ef11cc32deb492aae5a020d42900c4dc2be2f6,0x666474a318918123e27b9d6f1283528C88f97827,0xf7FAB9ecf9BF6F89d7648Cc5c312e63D10eAf142,0,0xb554a6210000000000000000000000000000000000000000000000000000000000000001,"{'function_name': 'SetTargetTemperature', 'inputs': (<Function SetTargetTemperature(int256)>, {'targetTemperature': 28898})}"
263,0xc37acf986d8422281c272562b20ce48b957b0ec23dd94cd4370c8fda0da3a3b4,0x666474a318918123e27b9d6f1283528C88f97827,0xf7FAB9ecf9BF6F89d7648Cc5c312e63D10eAf142,0,0xb554a6210000000000000000000000000000000000000000000000000000000000000001,"{'function_name': 'SetMode', 'inputs': (<Function SetMode(uint8)>, {'mode': 1})}"
264,0xffa65b682299544da2256f32b6e5582b4a0ea7cb2852d90fdaa7e47e1336c185,0x666474a318918123e27b9d6f1283528C88f97827,0xf7FAB9ecf9BF6F89d7648Cc5c312e63D10eAf142,0,0x4a542ae20000000000000000000000000000000000000000000000000000000000001db5,"{'function_name': 'SetMode', 'inputs': (<Function SetMode(uint8)>, {'mode': 1})}"
265,0x4ad445a5221f03f6119561eb1acec1ad5956d11a018c1c40fdf5d6e303eaf38b,0x666474a318918123e27b9d6f1283528C88f97827,0xf7FAB9ecf9BF6F89d7648Cc5c312e63D10eAf142,0,0x4a542ae2000000000000000000000000000000000000000000000000000000000000f393,"{'function_name': 'SetTargetTemperature', 'inputs': (<Function SetTargetTemperature(int256)>, {'targetTemperature': 7605})}"
266,0x6bfd1a445625726c4070fbdab97e270f3acafa12a6f5d9f597fc621239ddd898,0x666474a318918123e27b9d6f1283528C88f97827,0xf7FAB9ecf9BF6F89d7648Cc5c312e63D10eAf142,0,0xb554a6210000000000000000000000000000000000000000000000000000000000000000,"{'function_name': 'SetTargetTemperature', 'inputs': (<Function SetTargetTemperature(int256)>, {'targetTemperature': 62355})}"
267,0x979dfe46b9b29e5c647dd1c0f7bb3415865493a646776c8ed057a6ff24c8af80,0x666474a318918123e27b9d6f1283528C88f97827,0xf7FAB9ecf9BF6F89d7648Cc5c312e63D10eAf142,0,0x4a542ae20000000000000000000000000000000000000000000000000000000000002599,"{'function_name': 'SetMode', 'inputs': (<Function SetMode(uint8)>, {'mode': 0})}"
268,0x32cd3dfec41f653581a039335c3722979bce93e0e6f372e6d155358f561fd2f4,0x666474a318918123e27b9d6f1283528C88f97827,0xf7FAB9ecf9BF6F89d7648Cc5c312e63D10eAf142,0,0xb554a6210000000000000000000000000000000000000000000000000000000000000000,"{'function_name': 'SetTargetTemperature', 'inputs': (<Function SetTargetTemperature(int256)>, {'targetTemperature': 9625})}"
269,0xb348229e0b843f105698e5e92cb970df5d34db15f9b13d7ef5c2cf5faf81cedd,0x666474a318918123e27b9d6f1283528C88f97827,0xf7FAB9ecf9BF6F89d7648Cc5c312e63D10eAf142,0,0xb554a6210000000000000000000000000000000000000000000000000000000000000001,"{'function_name': 'SetMode', 'inputs': (<Function SetMode(uint8)>, {'mode': 0})}"
270,0xde017436d9546cca69d783be8bb5e34a86f57178ad7403b8217d1bc27d3181e2,0x666474a318918123e27b9d6f1283528C88f97827,0xf7FAB9ecf9BF6F89d7648Cc5c312e63D10eAf142,0,0x4a542ae2000000000000000000000000000000000000000000000000000000000000e44f,"{'function_name': 'SetMode', 'inputs': (<Function SetMode(uint8)>, {'mode': 1})}"
271,0x2e431a462fd9a9a254e0f953f8a4fe5bc3b760e9421efa28aa74dda6a57ef821,0x666474a318918123e27b9d6f1283528C88f97827,0xf7FAB9ecf9BF6F89d7648Cc5c312e63D10eAf142,0,0xb554a6210000000000000000000000000000000000000000000000000000000000000000,"{'function_name': 'SetTargetTemperature', 'inputs': (<Function SetTargetTemperature(int256)>, {'targetTemperature': 58447})}"
272,0x1717c9db154e06f7adf00609223931d193c1ecccb5725ea3c3275e24e0cc1b59,0x666474a318918123e27b9d6f1283528C88f97827,0xf7FAB9ecf9BF6F89d7648Cc5c312e63D10eAf142,0,0xb554a6210000000000000000000000000000000000000000000000000000000000000002,"{'function_name': 'SetMode', 'inputs': (<Function SetMode(uint8)>, {'mode': 0})}"
273,0xc40f2723ac5922832e1c43f418755d91e2d3aca7d7f484d8fbe5cad242826ce2,0x666474a318918123e27b9d6f1283528C88f97827,0xf7FAB9ecf9BF6F89d7648Cc5c312e63D10eAf142,0,0x4a542ae20000000000000000000000000000000000000000000000000000000000013d9a,"{'function_name': 'SetMode', 'inputs': (<Function SetMode(uint8)>, {'mode': 2})}"
274,0xe5b06a461ae3e27ae287841cb3757d601b191c1c8acfffc58794badbab15ad59,0x666474a318918123e27b9d6f1283528C88f97827,0xf7FAB9ecf9BF6F89d7648Cc5c312e63D10eAf142,0,0x4a542ae200000000000000000000000000000000000000000000000000000000000110eb,"{'function_name': 'SetTargetTemperature', 'inputs': (<Function SetTargetTemperature(int256)>, {'targetTemperature': 81306})}"
275,0x1ea78a020d4d9b255b5c60c359996f5091542e79e3625b9cfd7cdca214beadf9,0x666474a318918123e27b9d6f1283528C88f97827,0xf7FAB9ecf9BF6F89d7648Cc5c312e63D10eAf142,0,0xb554a6210000000000000000000000000000000000000000000000000000000000000001,"{'function_name': 'SetTargetTemperature', 'inputs': (<Function SetTargetTemperature(int256)>, {'targetTemperature': 69867})}"
276,0xe2e2a78711a0499e110820e42c3a5cf04b053e0cee0e03fa7851d15d35e6ace4,0x666474a318918123e27b9d6f1283528C88f97827,0xf7FAB9ecf9BF6F89d7648Cc5c312e63D10eAf142,0,0xb554a6210000000000000000000000000000000000000000000000000000000000000000,"{'function_name': 'SetMode', 'inputs': (<Function SetMode(uint8)>, {'mode': 1})}"
277,0x14cdff4f0ce9e4a96320ecbb382011597c4bb3163fc1e840889e5c3fdfd8a47c,0x666474a318918123e27b9d6f1283528C88f97827,0xf7FAB9ecf9BF6F89d7648Cc5c312e63D10eAf142,0,0xb554a6210000000000000000000000000000000000000000000000000000000000000000,"{'function_name': 'SetMode', 'inputs': (<Function SetMode(uint8)>, {'mode': 0})}"
278,0x601a8f4a1f4c19b49715db0053dd603c96bcef984d61ee93f0343efea0e5edbb,0x666474a318918123e27b9d6f1283528C88f97827,0xf7FAB9ecf9BF6F89d7648Cc5c312e63D10eAf142,0,0xb554a6210000000000000000000000000000000000000000000000000000000000000002,"{'function_name': 'SetMode', 'inputs': (<Function SetMode(uint8)>, {'mode': 0})}"
279,0xbe8cacea2824fd7928f72c7f11fcadbecba3baee5d25f755e8da60780f25b8bb,0x666474a318918123e27b9d6f1283528C88f97827,0xf7FAB9ecf9BF6F89d7648Cc5c312e63D10eAf142,0,0x4a542ae2000000000000000000000000000000000000000000000000000000000000ff44,"{'function_name': 'SetMode', 'inputs': (<Function SetMode(uint8)>, {'mode': 2})}"
280,0xd7ef71d41627b817fef1b5951856168b46a34db4621041a994598593d49cd59b,0x666474a318918123e27b9d6f1283528C88f97827,0xf7FAB9ecf9BF6F89d7648Cc5c312e63D10eAf142,0,0x4a542ae20000000000000000000000000000000000000000000000000000000000006f16,"{'function_name': 'SetTargetTemperature', 'inputs': (<Function SetTargetTemperature(int256)>, {'targetTemperature': 65348})}"
281,0x5f1f287561b720175847a4a1d434d142807634bf1f593d57f3b82d13607bf5e2,0x666474a318918123e27b9d6f1283528C88f97827,0xf7FAB9ecf9BF6F89d7648Cc5c312e63D10eAf142,0,0xb554a6210000000000000000000000000000000000000000000000000000000000000000,"{'function_name': 'SetTargetTemperature', 'inputs': (<Function SetTargetTemperature(int256)>, {'targetTemperature': 28438})}"
282,0x7ea9967f68712e7c1f8013bbb3090e81fbfd4d2296a7640e2d16c834f8f4ae5a,0x666474a318918123e27b9d6f1283528C88f97827,0xf7FAB9ecf9BF6F89d7648Cc5c312e63D10eAf142,0,0x4a542ae2000000000000000000000000000000000000000000000000000000000000c424,"{'function_name': 'SetMode', 'inputs': (<Function SetMode(uint8)>, {'mode': 0})}"
283,0xbd3c2f42dad5e5908e57b82409c58088cf3bf4aeebaf6604c927498f3e89d553,0x666474a318918123e27b9d6f1283528C88f97827,0xf7FAB9ecf9BF6F89d7648Cc5c312e63D10eAf142,0,0x4a542ae20000000000000000000000000000000000000000000000000000000000002aad,"{'function_name': 'SetTargetTemperature', 'inputs': (<Function SetTargetTemperature(int256)>, {'targetTemperature': 50212})}"
284,0x005d00d4f4b2ccc0918b23de829c1b5e64c9fcaa6bef697db6aecaa002802603,0x666474a318918123e27b9d6f1283528C88f97827,0xf7FAB9ecf9BF6F89d7648Cc5c312e63D10eAf142,0,0xb554a6210000000000000000000000000000000000000000000000000000000000000000,"{'function_name': 'SetTargetTemperature', 'inputs': (<Function SetTargetTemperature(int256)>, {'targetTemperature': 10925})}"
285,0x32c6718f4e68989357a986116a842be72b283a4ff02b3c492a1d655ec0eec0bc,0x666474a318918123e27b9d6f1283528C88f97827,0xf7FAB9ecf9BF6F89d7648Cc5c312e63D10eAf142,0,0x4a542ae20000000000000000000000000000000000000000000000000000000000015a7e,"{'function_name': 'SetMode', 'inputs': (<Function SetMode(uint8)>, {'mode': 0})}"
286,0xacb7b587080bea01ba131f3790c31622ad9861b7bdb8aa7b1ae9b7f2181346f3,0x666474a318918123e27b9d6f1283528C88f97827,0xf7FAB9ecf9BF6F89d7648Cc5c312e63D10eAf142,0,0xb554a6210000000000000000000000000000000000000000000000000000000000000001,"{'function_name': 'SetTargetTemperature', 'inputs': (<Function SetTargetTemperature(int256)>, {'targetTemperature': 88702})}"
287,0xda2f32a9190c9a8d1601c7f71e1ed5fa02c5a9e93ab38f4380ac419e99f18a9f,0x666474a318918123e27b9d6f1283528C88f97827,0xf7FAB9ecf9BF6F89d7648Cc5c312e63D10eAf142,0,0xb554a6210000000000000000000000000000000000000000000000000000000000000002,"{'function_name': 'SetMode', 'inputs': (<Function SetMode(uint8)>, {'mode': 1})}"
288,0x0c5a811206b548b46d136e828c0cea24e75a8f56a89576281ef8cbed40aedec3,0x666474a318918123e27b9d6f1283528C88f97827,0xf7FAB9ecf9BF6F89d7648Cc5c312e63D10eAf142,0,0xb554a6210000000000000000000000000000000000000000000000000000000000000002,"{'function_name': 'SetMode', 'inputs': (<Function SetMode(uint8)>, {'mode': 2})}"
289,0x0ad44019af6eee29fd99e7e1e76cb85a521316094c130c179b719591b16e9f20,0x666474a318918123e27b9d6f1283528C88f97827,0xf7FAB9ecf9BF6F89d7648Cc5c312e63D10eAf142,0,0xb554a6210000000000000000000000000000000000000000000000000000000000000002,"{'function_name': 'SetMode', 'inputs': (<Function SetMode(uint8)>, {'mode': 2})}"
290,0xe5a887449aa241420484b2a47de6303d4475873e4eddeec6074be3db45bb9547,0x666474a318918123e27b9d6f1283528C88f97827,0xf7FAB9ecf9BF6F89d7648Cc5c312e63D10eAf142,0,0xb554a6210000000000000000000000000000000000000000000000000000000000000003,"{'function_name': 'SetMode', 'inputs': (<Function SetMode(uint8)>, {'mode': 2})}"
291,0x21ae08ac277f4e74cbff0b51538f458cac5562f716002c475d69a39ee00bb95d,0x666474a318918123e27b9d6f1283528C88f97827,0xf7FAB9ecf9BF6F89d7648Cc5c312e63D10eAf142,0,0x4a542ae2000000000000000000000000000000000000000000000000000000000000f1e5,"{'function_name': 'SetMode', 'inputs': (<Function SetMode(uint8)>, {'mode': 3})}"
292,0x581dbde3c3d1804b4a59ec2a11bb867793c632862135e5cdbdcb142c59329efd,0x666474a318918123e27b9d6f1283528C88f97827,0xf7FAB9ecf9BF6F89d7648Cc5c312e63D10eAf142,0,0x4a542ae200000000000000000000000000000000000000000000000000000000000025ba,"{'function_name': 'SetTargetTemperature', 'inputs': (<Function SetTargetTemperature(int256)>, {'targetTemperature': 61925})}"
293,0x87b1565f876e63a4b81bcf47901cf046e04c457b83863cf77d3ba25e8f7edc70,0x666474a318918123e27b9d6f1283528C88f97827,0xf7FAB9ecf9BF6F89d7648Cc5c312e63D10eAf142,0,0x4a542ae20000000000000000000000000000000000000000000000000000000000014e67,"{'function_name': 'SetTargetTemperature', 'inputs': (<Function SetTargetTemperature(int256)>, {'targetTemperature': 9658})}"
294,0xbf13218a63a5a8975f9533b5a0846758565a4a72d77f4ef8de0684504072aa9a,0x666474a318918123e27b9d6f1283528C88f97827,0xf7FAB9ecf9BF6F89d7648Cc5c312e63D10eAf142,0,0xb554a6210000000000000000000000000000000000000000000000000000000000000003,"{'function_name': 'SetTargetTemperature', 'inputs': (<Function SetTargetTemperature(int256)>, {'targetTemperature': 85607})}"
295,0x0fa3c0cbec601518c41c0763a811c1a09cba632df899e54f1b92662aa760946f,0x666474a318918123e27b9d6f1283528C88f97827,0xf7FAB9ecf9BF6F89d7648Cc5c312e63D10eAf142,0,0x4a542ae200000000000000000000000000000000000000000000000000000000000065ef,"{'function_name': 'SetMode', 'inputs': (<Function SetMode(uint8)>, {'mode': 3})}"
296,0xbdbb0eda8cb71f1d3dd64fb32a50f9c25fd22e2232a87fd0587807b72a0f846c,0x666474a318918123e27b9d6f1283528C88f97827,0xf7FAB9ecf9BF6F89d7648Cc5c312e63D10eAf142,0,0x4a542ae2000000000000000000000000000000000000000000000000000000000001202d,"{'function_name': 'SetTargetTemperature', 'inputs': (<Function SetTargetTemperature(int256)>, {'targetTemperature': 26095})}"
297,0xc2285c19495269209c66e8718eac9043d534c6a580bb596c386e9b46aa55e6f2,0x666474a318918123e27b9d6f1283528C88f97827,0xf7FAB9ecf9BF6F89d7648Cc5c312e63D10eAf142,0,0x4a542ae20000000000000000000000000000000000000000000000000000000000003ff9,"{'function_name': 'SetTargetTemperature', 'inputs': (<Function SetTargetTemperature(int256)>, {'targetTemperature': 73773})}"
298,0x5cc7e2f6fb6b8c07c168e0d3b96ef02012d4b760b611b96e67c9fd2829ae7824,0x666474a318918123e27b9d6f1283528C88f97827,0xf7FAB9ecf9BF6F89d7648Cc5c312e63D10eAf142,0,0x4a542ae20000000000000000000000000000000000000000000000000000000000001ff9,"{'function_name': 'SetTargetTemperature', 'inputs': (<Function SetTargetTemperature(int256)>, {'targetTemperature': 16377})}"
299,0x867e8c615c79cf783c9e9cef2db4bca96afe0b3a3ac3d91d7d9176ad000650e0,0x666474a318918123e27b9d6f1283528C88f97827,0xf7FAB9ecf9BF6F89d7648Cc5c312e63D10eAf142,0,0x4a542ae2000000000000000000000000000000000000000000000000000000000000d063,"{'function_name': 'SetTargetTemperature', 'inputs': (<Function SetTargetTemperature(int256)>, {'targetTemperature': 8185})}"
300,0xa505718ef8d0dcd63a60496a198cb530969af1e48c8683332b43d50899ea99c8,0x666474a318918123e27b9d6f1283528C88f97827,0xf7FAB9ecf9BF6F89d7648Cc5c312e63D10eAf142,0,0xb554a6210000000000000000000000000000000000000000000000000000000000000002,"{'function_name': 'SetTargetTemperature', 'inputs': (<Function SetTargetTemperature(int256)>, {'targetTemperature': 53347})}"
301,0x165579adcc1d55754f787bc2b3f8bb47fa0b167997e8da463c3f764a9d5ea5da,0x666474a318918123e27b9d6f1283528C88f97827,0xf7FAB9ecf9BF6F89d7648Cc5c312e63D10eAf142,0,0xb554a6210000000000000000000000000000000000000000000000000000000000000000,"{'function_name': 'SetMode', 'inputs': (<Function SetMode(uint8)>, {'mode': 2})}"
302,0x0886a9ba5bdc0e660df6c1b7ba74e8e9c8415049bfc0054bfaeedd296a82daa3,0x666474a318918123e27b9d6f1283528C88f97827,0xf7FAB9ecf9BF6F89d7648Cc5c312e63D10eAf142,0,0xb554a6210000000000000000000000000000000000000000000000000000000000000003,"{'function_name': 'SetMode', 'inputs': (<Function SetMode(uint8)>, {'mode': 0})}"
303,0x08bf452095875721ab3d1d422b6d8c0a2f0bee6357bb374b0c2f7b0dc9ccca59,0x666474a318918123e27b9d6f1283528C88f97827,0xf7FAB9ecf9BF6F89d7648Cc5c312e63D10eAf142,0,0xb554a6210000000000000000000000000000000000000000000000000000000000000002,"{'function_name': 'SetMode', 'inputs': (<Function SetMode(uint8)>, {'mode': 3})}"
304,0xac4f4d9fb40a1ee9eceadb5ceca3788a5ea313de4afe4b4ced01853b20de664b,0x666474a318918123e27b9d6f1283528C88f97827,0xf7FAB9ecf9BF6F89d7648Cc5c312e63D10eAf142,0,0x4a542ae20000000000000000000000000000000000000000000000000000000000009f9d,"{'function_name': 'SetMode', 'inputs': (<Function SetMode(uint8)>, {'mode': 2})}"
305,0x0af16e3a9b28397d587a0eeae51bd23dd3d631bceea92f58c9aab95e278c0366,0x666474a318918123e27b9d6f1283528C88f97827,0xf7FAB9ecf9BF6F89d7648Cc5c312e63D10eAf142,0,0x4a542ae2000000000000000000000000000000000000000000000000000000000001756d,"{'function_name': 'SetTargetTemperature', 'inputs': (<Function SetTargetTemperature(int256)>, {'targetTemperature': 40861})}"
306,0x37144f07bcd2637d4b9ec65c921879021f02e4176eb64dc3fdd0e7de4d8719ad,0x666474a318918123e27b9d6f1283528C88f97827,0xf7FAB9ecf9BF6F89d7648Cc5c312e63D10eAf142,0,0x4a542ae20000000000000000000000000000000000000000000000000000000000015f50,"{'function_name': 'SetTargetTemperature', 'inputs': (<Function SetTargetTemperature(int256)>, {'targetTemperature': 95597})}"
307,0x35b81ed5cdc9496f784c0a9c5c9b5a142c8961c5f9680d3b363c26f20da15af0,0x666474a318918123e27b9d6f1283528C88f97827,0xf7FAB9ecf9BF6F89d7648Cc5c312e63D10eAf142,0,0xb554a6210000000000000000000000000000000000000000000000000000000000000000,"{'function_name': 'SetTargetTemperature', 'inputs': (<Function SetTargetTemperature(int256)>, {'targetTemperature': 89936})}"
308,0xc4a0b90191e47051124b41d38402f11908f131a669035c1f1ec553b5d439df50,0x666474a318918123e27b9d6f1283528C88f97827,0xf7FAB9ecf9BF6F89d7648Cc5c312e63D10eAf142,0,0xb554a6210000000000000000000000000000000000000000000000000000000000000000,"{'function_name': 'SetMode', 'inputs': (<Function SetMode(uint8)>, {'mode': 0})}"
309,0xff5b4c6eecb73988fff2a4da9fdfcf58f1a78b1e60cff080091290360d8ea303,0x666474a318918123e27b9d6f1283528C88f97827,0xf7FAB9ecf9BF6F89d7648Cc5c312e63D10eAf142,0,0xb554a6210000000000000000000000000000000000000000000000000000000000000002,"{'function_name': 'SetMode', 'inputs': (<Function SetMode(uint8)>, {'mode': 0})}"
310,0x020b8afdd063ad6d8013bf113be831a288d2eddc949538b8987285286f8943fe,0x666474a318918123e27b9d6f1283528C88f97827,0xf7FAB9ecf9BF6F89d7648Cc5c312e63D10eAf142,0,0x4a542ae2000000000000000000000000000000000000000000000000000000000000912c,"{'function_name': 'SetMode', 'inputs': (<Function SetMode(uint8)>, {'mode': 2})}"
311,0x9cba4333d8674c1a0671e98fa786364a360632ed4d686734701b4fac6acb47a3,0x666474a318918123e27b9d6f1283528C88f97827,0xf7FAB9ecf9BF6F89d7648Cc5c312e63D10eAf142,0,0x4a542ae20000000000000000000000000000000000000000000000000000000000001f0e,"{'function_name': 'SetTargetTemperature', 'inputs': (<Function SetTargetTemperature(int256)>, {'targetTemperature': 37164})}"
312,0xdaa6bc017604d573ee384bd3f050c07b782ac9dbfb98ad2759be5a2548321ac6,0x666474a318918123e27b9d6f1283528C88f97827,0xf7FAB9ecf9BF6F89d7648Cc5c312e63D10eAf142,0,0xb554a6210000000000000000000000000000000000000000000000000000000000000003,"{'function_name': 'SetTargetTemperature', 'inputs': (<Function SetTargetTemperature(int256)>, {'targetTemperature': 7950})}"
313,0x075ecb22895a3e4ad93fc338f1e9f6e934fcde553c788b3cfd3a1f9581cab633,0x666474a318918123e27b9d6f1283528C88f97827,0xf7FAB9ecf9BF6F89d7648Cc5c312e63D10eAf142,0,0xb554a6210000000000000000000000000000000000000000000000000000000000000000,"{'function_name': 'SetMode', 'inputs': (<Function SetMode(uint8)>, {'mode': 3})}"
314,0x9c9987b6d333293ccd8fdebb6f17afe42594223582db99a51d7d6d87bb27fd91,0x666474a318918123e27b9d6f1283528C88f97827,0xf7FAB9ecf9BF6F89d7648Cc5c312e63D10eAf142,0,0xb554a6210000000000000000000000000000000000000000000000000000000000000003,"{'function_name': 'SetMode', 'inputs': (<Function SetMode(uint8)>, {'mode': 0})}"
315,0x537a216a2cc14d4a129769da0689426c26a33403e174faa648a5b1f5b255238e,0x666474a318918123e27b9d6f1283528C88f97827,0xf7FAB9ecf9BF6F89d7648Cc5c312e63D10eAf142,0,0x4a542ae20000000000000000000000000000000000000000000000000000000000006cfa,"{'function_name': 'SetMode', 'inputs': (<Function SetMode(uint8)>, {'mode': 3})}"
316,0x0746dec4185bdab14528fbc4abd1071276957058466bd17171ac67ef8208348a,0x666474a318918123e27b9d6f1283528C88f97827,0xf7FAB9ecf9BF6F89d7648Cc5c312e63D10eAf142,0,0x4a542ae20000000000000000000000000000000000000000000000000000000000000d8f,"{'function_name': 'SetTargetTemperature', 'inputs': (<Function SetTargetTemperature(int256)>, {'targetTemperature': 27898})}"
317,0xb5e5ec2cded3f23a32cabf7fc823c103b70a39dcbf478622e530a6e94267e226,0x666474a318918123e27b9d6f1283528C88f97827,0xf7FAB9ecf9BF6F89d7648Cc5c312e63D10eAf142,0,0xb554a6210000000000000000000000000000000000000000000000000000000000000001,"{'function_name': 'SetTargetTemperature', 'inputs': (<Function SetTargetTemperature(int256)>, {'targetTemperature': 3471})}"
318,0xd99945a15795f21ae7a326f0b3678cc8ddde98ebfe6681896f4f2e7aa44bea29,0x666474a318918123e27b9d6f1283528C88f97827,0xf7FAB9ecf9BF6F89d7648Cc5c312e63D10eAf142,0,0x4a542ae2000000000000000000000000000000000000000000000000000000000000a4fb,"{'function_name': 'SetMode', 'inputs': (<Function SetMode(uint8)>, {'mode': 1})}"
319,0xc3a4122f20e26a7ed804a2255cab653a722946590fa8df6a37a63092fbebcafe,0x666474a318918123e27b9d6f1283528C88f97827,0xf7FAB9ecf9BF6F89d7648Cc5c312e63D10eAf142,0,0x4a542ae20000000000000000000000000000000000000000000000000000000000016521,"{'function_name': 'SetTargetTemperature', 'inputs': (<Function SetTargetTemperature(int256)>, {'targetTemperature': 42235})}"
320,0xd3c427e5c0fe1d5137594f5dd7eb3af199e28ee92e7e41dac756894d6328d0bf,0x666474a318918123e27b9d6f1283528C88f97827,0xf7FAB9ecf9BF6F89d7648Cc5c312e63D10eAf142,0,0xb554a6210000000000000000000000000000000000000000000000000000000000000003,"{'function_name': 'SetTargetTemperature', 'inputs': (<Function SetTargetTemperature(int256)>, {'targetTemperature': 91425})}"
321,0xa34fa0aa26b00c463125b8be8bf78db70d991256df5d810fa1836c4363523857,0x666474a318918123e27b9d6f1283528C88f97827,0xf7FAB9ecf9BF6F89d7648Cc5c312e63D10eAf142,0,0x4a542ae20000000000000000000000000000000000000000000000000000000000012e36,"{'function_name': 'SetMode', 'inputs': (<Function SetMode(uint8)>, {'mode': 3})}"
322,0x576cefa9ddf65a7228113d780240372654d4c73ed4a2bc8f2dfe50895bbf5fad,0x666474a318918123e27b9d6f1283528C88f97827,0xf7FAB9ecf9BF6F89d7648Cc5c312e63D10eAf142,0,0xb554a6210000000000000000000000000000000000000000000000000000000000000000,"{'function_name': 'SetTargetTemperature', 'inputs': (<Function SetTargetTemperature(int256)>, {'targetTemperature': 77366})}"
323,0xe015e52d283e10fb1080e0506add94d5421a23df48c52a9163afccd6c03e4f4f,0x666474a318918123e27b9d6f1283528C88f97827,0xf7FAB9ecf9BF6F89d7648Cc5c312e63D10eAf142,0,0x4a542ae200000000000000000000000000000000000000000000000000000000000041fa,"{'function_name': 'SetMode', 'inputs': (<Function SetMode(uint8)>, {'mode': 0})}"
324,0x8ddcedfa2ecd70b65333f09c504f2876ad781d588fba927a2d6362290ced403e,0x666474a318918123e27b9d6f1283528C88f97827,0xf7FAB9ecf9BF6F89d7648Cc5c312e63D10eAf142,0,0x4a542ae2000000000000000000000000000000000000000000000000000000000000bb9a,"{'function_name': 'SetTargetTemperature', 'inputs': (<Function SetTargetTemperature(int256)>, {'targetTemperature': 16890})}"
325,0x6ec6f2696b7dc0a73f03284f5abe100bd077fb33542a26b6525480505710def1,0x666474a318918123e27b9d6f1283528C88f97827,0xf7FAB9ecf9BF6F89d7648Cc5c312e63D10eAf142,0,0x4a542ae2000000000000000000000000000000000000000000000000000000000000b36e,"{'function_name': 'SetTargetTemperature', 'inputs': (<Function SetTargetTemperature(int256)>, {'targetTemperature': 48026})}"
326,0xfb19c72f7cba185264f41f4517ceb0d02277d36d630e49c64e289f564c70f6f7,0x666474a318918123e27b9d6f1283528C88f97827,0xf7FAB9ecf9BF6F89d7648Cc5c312e63D10eAf142,0,0x4a542ae20000000000000000000000000000000000000000000000000000000000005223,"{'function_name': 'SetTargetTemperature', 'inputs': (<Function SetTargetTemperature(int256)>, {'targetTemperature': 45934})}"
327,0x8ad2d23aa5abe876f0aeef44bc16e0a9626186e0733f78b96a2b332d1c23046a,0x666474a318918123e27b9d6f1283528C88f97827,0xf7FAB9ecf9BF6F89d7648Cc5c312e63D10eAf142,0,0xb554a6210000000000000000000000000000000000000000000000000000000000000001,"{'function_name': 'SetTargetTemperature', 'inputs': (<Function SetTargetTemperature(int256)>, {'targetTemperature': 21027})}"
328,0xe96df3985f9ed5e45e73a384a8420bff13010dbc56eca197fb155d683f328343,0x666474a318918123e27b9d6f1283528C88f97827,0xf7FAB9ecf9BF6F89d7648Cc5c312e63D10eAf142,0,0x4a542ae2000000000000000000000000000000000000000000000000000000000000a188,"{'function_name': 'SetMode', 'inputs': (<Function SetMode(uint8)>, {'mode': 1})}"
329,0xaf82f2d59ba6a957222f0ac9ce705b4c3c3ee03c411f35566e2221ce8b5843f5,0x666474a318918123e27b9d6f1283528C88f97827,0xf7FAB9ecf9BF6F89d7648Cc5c312e63D10eAf142,0,0x4a542ae20000000000000000000000000000000000000000000000000000000000006f49,"{'function_name': 'SetTargetTemperature', 'inputs': (<Function SetTargetTemperature(int256)>, {'targetTemperature': 41352})}"
330,0xcfaa0be0b65fa7991b44d4b72a2ba40ee983b371e5c67ff170a795eb3447ce20,0x666474a318918123e27b9d6f1283528C88f97827,0xf7FAB9ecf9BF6F89d7648Cc5c312e63D10eAf142,0,0xb554a6210000000000000000000000000000000000000000000000000000000000000000,"{'function_name': 'SetTargetTemperature', 'inputs': (<Function SetTargetTemperature(int256)>, {'targetTemperature': 28489})}"
331,0xab2ba8da3b9103aa3b2acf0c00e5a56a3a16db4d3e2375315706e390201e3599,0x666474a318918123e27b9d6f1283528C88f97827,0xf7FAB9ecf9BF6F89d7648Cc5c312e63D10eAf142,0,0xb554a6210000000000000000000000000000000000000000000000000000000000000002,"{'function_name': 'SetMode', 'inputs': (<Function SetMode(uint8)>, {'mode': 0})}"
332,0xcca4cd760ba0a032943059bfce2addfbbb03a87762103bd4a0baeb2df0c84b8e,0x666474a318918123e27b9d6f1283528C88f97827,0xf7FAB9ecf9BF6F89d7648Cc5c312e63D10eAf142,0,0x4a542ae20000000000000000000000000000000000000000000000000000000000003a0f,"{'function_name': 'SetMode', 'inputs': (<Function SetMode(uint8)>, {'mode': 2})}"
333,0x3e936a27ebd26ed78fc4f7d516a5ab53aaabb87b1f4baf4eb3c25f52b7ef0ce1,0x666474a318918123e27b9d6f1283528C88f97827,0xf7FAB9ecf9BF6F89d7648Cc5c312e63D10eAf142,0,0x4a542ae2000000000000000000000000000000000000000000000000000000000000194c,"{'function_name': 'SetTargetTemperature', 'inputs': (<Function SetTargetTemperature(int256)>, {'targetTemperature': 14863})}"
334,0x86b84c0514eb89f432e9c81c65307cc1f271130f91f3f55207a8d799568a989a,0x666474a318918123e27b9d6f1283528C88f97827,0xf7FAB9ecf9BF6F89d7648Cc5c312e63D10eAf142,0,0x4a542ae20000000000000000000000000000000000000000000000000000000000011eeb,"{'function_name': 'SetTargetTemperature', 'inputs': (<Function SetTargetTemperature(int256)>, {'targetTemperature': 6476})}"
335,0xd49304bd46bd8828efe63d531d210e54aa9413e293b1b8c743f2415b7acb4421,0x666474a318918123e27b9d6f1283528C88f97827,0xf7FAB9ecf9BF6F89d7648Cc5c312e63D10eAf142,0,0x4a542ae200000000000000000000000000000000000000000000000000000000000050df,"{'function_name': 'SetTargetTemperature', 'inputs': (<Function SetTargetTemperature(int256)>, {'targetTemperature': 73451})}"
336,0x71eb82c93ece58312f45258ef2f6a420e07568776823acb3b18c6539e460fbb4,0x666474a318918123e27b9d6f1283528C88f97827,0xf7FAB9ecf9BF6F89d7648Cc5c312e63D10eAf142,0,0x4a542ae200000000000000000000000000000000000000000000000000000000000175c5,"{'function_name': 'SetTargetTemperature', 'inputs': (<Function SetTargetTemperature(int256)>, {'targetTemperature': 20703})}"
337,0xb316ff9ce44889c4f6fca4bc7ff4fc89433fa926f1d9ada51fdf74ce56d6be5c,0x666474a318918123e27b9d6f1283528C88f97827,0xf7FAB9ecf9BF6F89d7648Cc5c312e63D10eAf142,0,0x4a542ae2000000000000000000000000000000000000000000000000000000000000eb84,"{'function_name': 'SetTargetTemperature', 'inputs': (<Function SetTargetTemperature(int256)>, {'targetTemperature': 95685})}"
338,0x4de78d779b6497c9c7bddf8c1cfbdb574283f4f6b64ca295334a940f17cf0a2c,0x666474a318918123e27b9d6f1283528C88f97827,0xf7FAB9ecf9BF6F89d7648Cc5c312e63D10eAf142,0,0x4a542ae2000000000000000000000000000000000000000000000000000000000000cb51,"{'function_name': 'SetTargetTemperature', 'inputs': (<Function SetTargetTemperature(int256)>, {'targetTemperature': 60292})}"
339,0x1b42c97ab929a3d9d94d98141603c1e6eea4a28f0fec166e8a8f048264393be1,0x666474a318918123e27b9d6f1283528C88f97827,0xf7FAB9ecf9BF6F89d7648Cc5c312e63D10eAf142,0,0xb554a6210000000000000000000000000000000000000000000000000000000000000002,"{'function_name': 'SetTargetTemperature', 'inputs': (<Function SetTargetTemperature(int256)>, {'targetTemperature': 52049})}"
340,0x556eafe9aff8cc0bbc4ce7fc5b3cc5ad423c2a45cc8a964bc6c88d7bbcce7d9b,0x666474a318918123e27b9d6f1283528C88f97827,0xf7FAB9ecf9BF6F89d7648Cc5c312e63D10eAf142,0,0x4a542ae20000000000000000000000000000000000000000000000000000000000005d2d,"{'function_name': 'SetMode', 'inputs': (<Function SetMode(uint8)>, {'mode': 2})}"
341,0xdcb84f8d7c7421cce4764620ac9aa9ea9f02e53dc976163f424d108795434272,0x666474a318918123e27b9d6f1283528C88f97827,0xf7FAB9ecf9BF6F89d7648Cc5c312e63D10eAf142,0,0x4a542ae20000000000000000000000000000000000000000000000000000000000017f0f,"{'function_name': 'SetTargetTemperature', 'inputs': (<Function SetTargetTemperature(int256)>, {'targetTemperature': 23853})}"
342,0xf3fca97eb1a45a48b661dbd1e8cf93860e243154782e6eb4203645ae80674bea,0x666474a318918123e27b9d6f1283528C88f97827,0xf7FAB9ecf9BF6F89d7648Cc5c312e63D10eAf142,0,0xb554a6210000000000000000000000000000000000000000000000000000000000000003,"{'function_name': 'SetTargetTemperature', 'inputs': (<Function SetTargetTemperature(int256)>, {'targetTemperature': 98063})}"
343,0x1349b7ce96e7ff4ac54c5116e4a7e43b8b550cfb78260d699667902e1fccd821,0x666474a318918123e27b9d6f1283528C88f97827,0xf7FAB9ecf9BF6F89d7648Cc5c312e63D10eAf142,0,0x4a542ae2000000000000000000000000000000000000000000000000000000000000d285,"{'function_name': 'SetMode', 'inputs': (<Function SetMode(uint8)>, {'mode': 3})}"
344,0x76615e2657c17ed660f90e634d37aba0628ee4af505c04573e590370b7caa2a5,0x666474a318918123e27b9d6f1283528C88f97827,0xf7FAB9ecf9BF6F89d7648Cc5c312e63D10eAf142,0,0xb554a6210000000000000000000000000000000000000000000000000000000000000002,"{'function_name': 'SetTargetTemperature', 'inputs': (<Function SetTargetTemperature(int256)>, {'targetTemperature': 53893})}"
345,0x670e6c9d5331b82f254bab8973be7ca9cf778f2f9c36f69b717acc133e14eba3,0x666474a318918123e27b9d6f1283528C88f97827,0xf7FAB9ecf9BF6F89d7648Cc5c312e63D10eAf142,0,0xb554a6210000000000000000000000000000000000000000000000000000000000000003,"{'function_name': 'SetMode', 'inputs': (<Function SetMode(uint8)>, {'mode': 2})}"
346,0xada09c76a9dc11802b2abc110b1a8782c57edc85bb57f26644dbada01f54c320,0x666474a318918123e27b9d6f1283528C88f97827,0xf7FAB9ecf9BF6F89d7648Cc5c312e63D10eAf142,0,0x4a542ae2000000000000000000000000000000000000000000000000000000000000fa70,"{'function_name': 'SetMode', 'inputs': (<Function SetMode(uint8)>, {'mode': 3})}"
347,0xd50ad200a3738268757fc0dd06926c30a9981cbc55492c55e1623db15a867dec,0x666474a318918123e27b9d6f1283528C88f97827,0xf7FAB9ecf9BF6F89d7648Cc5c312e63D10eAf142,0,0x4a542ae20000000000000000000000000000000000000000000000000000000000016227,"{'function_name': 'SetTargetTemperature', 'inputs': (<Function SetTargetTemperature(int256)>, {'targetTemperature': 64112})}"
348,0x003c6afcaa64b82da9497e829d11c6b98863107b309bc223c2c37eaece5fb6aa,0x666474a318918123e27b9d6f1283528C88f97827,0xf7FAB9ecf9BF6F89d7648Cc5c312e63D10eAf142,0,0x4a542ae20000000000000000000000000000000000000000000000000000000000004ec8,"{'function_name': 'SetTargetTemperature', 'inputs': (<Function SetTargetTemperature(int256)>, {'targetTemperature': 90663})}"
349,0x469056800d3a0893923ffb117d4fb2aac0b8a089e77486bd9ec8698aff225e99,0x666474a318918123e27b9d6f1283528C88f97827,0xf7FAB9ecf9BF6F89d7648Cc5c312e63D10eAf142,0,0x4a542ae20000000000000000000000000000000000000000000000000000000000001ec0,"{'function_name': 'SetTargetTemperature', 'inputs': (<Function SetTargetTemperature(int256)>, {'targetTemperature': 20168})}"
350,0x0b288cf6f0869ecabcff23908dd44b952cfe72a85485072cc40e627705028e79,0x666474a318918123e27b9d6f1283528C88f97827,0xf7FAB9ecf9BF6F89d7648Cc5c312e63D10eAf142,0,0xb554a6210000000000000000000000000000000000000000000000000000000000000003,"{'function_name': 'SetTargetTemperature', 'inputs': (<Function SetTargetTemperature(int256)>, {'targetTemperature': 7872})}"
351,0x00423cf49a1d4e3cf960fc023449db1f1cd9ea7421706b2343f1eb470a9cda8b,0x666474a318918123e27b9d6f1283528C88f97827,0xf7FAB9ecf9BF6F89d7648Cc5c312e63D10eAf142,0,0xb554a6210000000000000000000000000000000000000000000000000000000000000000,"{'function_name': 'SetMode', 'inputs': (<Function SetMode(uint8)>, {'mode': 3})}"
352,0xb257db462f4eaa44055f150b86d7260b326d351d57576c408a5e7c85ad4cfbcc,0x666474a318918123e27b9d6f1283528C88f97827,0xf7FAB9ecf9BF6F89d7648Cc5c312e63D10eAf142,0,0x4a542ae2000000000000000000000000000000000000000000000000000000000000328e,"{'function_name': 'SetMode', 'inputs': (<Function SetMode(uint8)>, {'mode': 0})}"
353,0xd1dc3e5ab39c00553c8c7bdd5ccd0123da50f389e5ccc3d6cc585631275a9acf,0x666474a318918123e27b9d6f1283528C88f97827,0xf7FAB9ecf9BF6F89d7648Cc5c312e63D10eAf142,0,0xb554a6210000000000000000000000000000000000000000000000000000000000000002,"{'function_name': 'SetTargetTemperature', 'inputs': (<Function SetTargetTemperature(int256)>, {'targetTemperature': 12942})}"
354,0x0ca9f0037d04af111b12854dadd6097d85a55516e251393f62f12062f0eb1c4c,0x666474a318918123e27b9d6f1283528C88f97827,0xf7FAB9ecf9BF6F89d7648Cc5c312e63D10eAf142,0,0x4a542ae20000000000000000000000000000000000000000000000000000000000016570,"{'function_name': 'SetMode', 'inputs': (<Function SetMode(uint8)>, {'mode': 2})}"
355,0xbc1f801217016613d7861852b9b76bc60ef1dd8f40aca1b6ba6db4982cc596fd,0x666474a318918123e27b9d6f1283528C88f97827,0xf7FAB9ecf9BF6F89d7648Cc5c312e63D10eAf142,0,0xb554a6210000000000000000000000000000000000000000000000000000000000000002,"{'function_name': 'SetTargetTemperature', 'inputs': (<Function SetTargetTemperature(int256)>, {'targetTemperature': 91504})}"
356,0x63f75cb1e75e7ee835946bf693a91e3ec44058cc6e903345b1d4be073476845c,0x666474a318918123e27b9d6f1283528C88f97827,0xf7FAB9ecf9BF6F89d7648Cc5c312e63D10eAf142,0,0x4a542ae2000000000000000000000000000000000000000000000000000000000000b669,"{'function_name': 'SetMode', 'inputs': (<Function SetMode(uint8)>, {'mode': 2})}"
357,0x12f367a37ee3a71d9cf660fa408729f3787fbb50f7bbae5109e3239ddef8bc1e,0x666474a318918123e27b9d6f1283528C88f97827,0xf7FAB9ecf9BF6F89d7648Cc5c312e63D10eAf142,0,0x4a542ae2000000000000000000000000000000000000000000000000000000000001361d,"{'function_name': 'SetTargetTemperature', 'inputs': (<Function SetTargetTemperature(int256)>, {'targetTemperature': 46697})}"
358,0x192a35494182cc0b3fa3e0edde0f29a2cc185cfa6d0c77f29912990d4fa13b54,0x666474a318918123e27b9d6f1283528C88f97827,0xf7FAB9ecf9BF6F89d7648Cc5c312e63D10eAf142,0,0x4a542ae200000000000000000000000000000000000000000000000000000000000156cc,"{'function_name': 'SetTargetTemperature', 'inputs': (<Function SetTargetTemperature(int256)>, {'targetTemperature': 79389})}"
359,0x3ae919fd26665a758770e47737ab0e1fbbec59fae97ef4cdda2eeb91e16d4703,0x666474a318918123e27b9d6f1283528C88f97827,0xf7FAB9ecf9BF6F89d7648Cc5c312e63D10eAf142,0,0x4a542ae20000000000000000000000000000000000000000000000000000000000004376,"{'function_name': 'SetTargetTemperature', 'inputs': (<Function SetTargetTemperature(int256)>, {'targetTemperature': 87756})}"
360,0xce3f15aaa27877d364a644066f228e955b36800a052af8ca5250b1caf1480039,0x666474a318918123e27b9d6f1283528C88f97827,0xf7FAB9ecf9BF6F89d7648Cc5c312e63D10eAf142,0,0x4a542ae200000000000000000000000000000000000000000000000000000000000068b0,"{'function_name': 'SetTargetTemperature', 'inputs': (<Function SetTargetTemperature(int256)>, {'targetTemperature': 17270})}"
361,0x64addd76e9cac86a27336555f286128f06e60842977ad09814423b61cf745f8f,0x666474a318918123e27b9d6f1283528C88f97827,0xf7FAB9ecf9BF6F89d7648Cc5c312e63D10eAf142,0,0x4a542ae20000000000000000000000000000000000000000000000000000000000012a4d,"{'function_name': 'SetTargetTemperature', 'inputs': (<Function SetTargetTemperature(int256)>, {'targetTemperature': 26800})}"
362,0x17711c5310478775b7e135ecded715f1667de3cb075981e068437d7e37a931de,0x666474a318918123e27b9d6f1283528C88f97827,0xf7FAB9ecf9BF6F89d7648Cc5c312e63D10eAf142,0,0xb554a6210000000000000000000000000000000000000000000000000000000000000002,"{'function_name': 'SetTargetTemperature', 'inputs': (<Function SetTargetTemperature(int256)>, {'targetTemperature': 76365})}"
363,0x3109a4dab17ef33152d251063f210459a8e3f7cf4139bd2f14f5f61cf1a34427,0x666474a318918123e27b9d6f1283528C88f97827,0xf7FAB9ecf9BF6F89d7648Cc5c312e63D10eAf142,0,0xb554a6210000000000000000000000000000000000000000000000000000000000000000,"{'function_name': 'SetMode', 'inputs': (<Function SetMode(uint8)>, {'mode': 2})}"
364,0x2c8532b08a885371a592a5f3079839cf0165230d51929a9607dea3daab5cb611,0x666474a318918123e27b9d6f1283528C88f97827,0xf7FAB9ecf9BF6F89d7648Cc5c312e63D10eAf142,0,0xb554a6210000000000000000000000000000000000000000000000000000000000000000,"{'function_name': 'SetMode', 'inputs': (<Function SetMode(uint8)>, {'mode': 0})}"
365,0xc6d2c10c1f627f9573107326526fd6b9c40e995752a259a22adcef230b999b97,0x666474a318918123e27b9d6f1283528C88f97827,0xf7FAB9ecf9BF6F89d7648Cc5c312e63D10eAf142,0,0x4a542ae2000000000000000000000000000000000000000000000000000000000000bfb1,"{'function_name': 'SetMode', 'inputs': (<Function SetMode(uint8)>, {'mode': 0})}"
366,0x0f939ab5eb845dd0433b88d1a22dd86cff54948ad5c1dd09123a568cac0d0b38,0x666474a318918123e27b9d6f1283528C88f97827,0xf7FAB9ecf9BF6F89d7648Cc5c312e63D10eAf142,0,0x4a542ae2000000000000000000000000000000000000000000000000000000000001529c,"{'function_name': 'SetTargetTemperature', 'inputs': (<Function SetTargetTemperature(int256)>, {'targetTemperature': 49073})}"
367,0x94d52d58b5d92eea4a0de39fecf287f725d2d94010483d737f0c2dc26bd29697,0x666474a318918123e27b9d6f1283528C88f97827,0xf7FAB9ecf9BF6F89d7648Cc5c312e63D10eAf142,0,0xb554a6210000000000000000000000000000000000000000000000000000000000000000,"{'function_name': 'SetTargetTemperature', 'inputs': (<Function SetTargetTemperature(int256)>, {'targetTemperature': 86684})}"
368,0xf418adf9a42fe7360415bf1c9cec48c4f50e8477a8928231bd9812566acc6909,0x666474a318918123e27b9d6f1283528C88f97827,0xf7FAB9ecf9BF6F89d7648Cc5c312e63D10eAf142,0,0x4a542ae2000000000000000000000000000000000000000000000000000000000000318e,"{'function_name': 'SetMode', 'inputs': (<Function SetMode(uint8)>, {'mode': 0})}"
369,0x6776db1725403141bcc006a242814113bf3a7c62212fd0f7772de1f7d26715fc,0x666474a318918123e27b9d6f1283528C88f97827,0xf7FAB9ecf9BF6F89d7648Cc5c312e63D10eAf142,0,0x4a542ae200000000000000000000000000000000000000000000000000000000000103e3,"{'function_name': 'SetTargetTemperature', 'inputs': (<Function SetTargetTemperature(int256)>, {'targetTemperature': 12686})}"
370,0x2e9407c63ebe757c7177ea92b1e961db80683b8635585cfd616405088e726f91,0x666474a318918123e27b9d6f1283528C88f97827,0xf7FAB9ecf9BF6F89d7648Cc5c312e63D10eAf142,0,0x4a542ae2000000000000000000000000000000000000000000000000000000000001283b,"{'function_name': 'SetTargetTemperature', 'inputs': (<Function SetTargetTemperature(int256)>, {'targetTemperature': 66531})}"
371,0x15c211707854d4996869f44f5ee38ef9cb4efd9f952985a24b26e0a8ae5754a5,0x666474a318918123e27b9d6f1283528C88f97827,0xf7FAB9ecf9BF6F89d7648Cc5c312e63D10eAf142,0,0xb554a6210000000000000000000000000000000000000000000000000000000000000003,"{'function_name': 'SetTargetTemperature', 'inputs': (<Function SetTargetTemperature(int256)>, {'targetTemperature': 75835})}"
372,0xaeb06cf9135b59f21eeac74d1e49835edef537012396aa0e12de5467cb4a7b4e,0x666474a318918123e27b9d6f1283528C88f97827,0xf7FAB9ecf9BF6F89d7648Cc5c312e63D10eAf142,0,0xb554a6210000000000000000000000000000000000000000000000000000000000000001,"{'function_name': 'SetMode', 'inputs': (<Function SetMode(uint8)>, {'mode': 3})}"
373,0xa10bb1669cf43cfead9cc69372fa9e3b4c06c38858e285ec3036b5ded389775b,0x666474a318918123e27b9d6f1283528C88f97827,0xf7FAB9ecf9BF6F89d7648Cc5c312e63D10eAf142,0,0x4a542ae2000000000000000000000000000000000000000000000000000000000000a6af,"{'function_name': 'SetMode', 'inputs': (<Function SetMode(uint8)>, {'mode': 1})}"
374,0xf2de535fc5f7adf331ff2172f9d017d023a704f0a76ba1a97224a9b6633307e5,0x666474a318918123e27b9d6f1283528C88f97827,0xf7FAB9ecf9BF6F89d7648Cc5c312e63D10eAf142,0,0xb554a6210000000000000000000000000000000000000000000000000000000000000000,"{'function_name': 'SetTargetTemperature', 'inputs': (<Function SetTargetTemperature(int256)>, {'targetTemperature': 42671})}"
375,0x617db791084490375f0fbb82ea9a9ec99e59417c14aae17c0a7cd160011eff0c,0x666474a318918123e27b9d6f1283528C88f97827,0xf7FAB9ecf9BF6F89d7648Cc5c312e63D10eAf142,0,0xb554a6210000000000000000000000000000000000000000000000000000000000000001,"{'function_name': 'SetMode', 'inputs': (<Function SetMode(uint8)>, {'mode': 0})}"
376,0x93ebf5355978dc08f621eac2dbcd52efba8358da124755279c59bf253c603939,0x666474a318918123e27b9d6f1283528C88f97827,0xf7FAB9ecf9BF6F89d7648Cc5c312e63D10eAf142,0,0xb554a6210000000000000000000000000000000000000000000000000000000000000000,"{'function_name': 'SetMode', 'inputs': (<Function SetMode(uint8)>, {'mode': 1})}"
377,0xd93b8fbd325b3651198e163e4b29c61cd77d351271ea8d072aeab6dbb8f757c8,0x666474a318918123e27b9d6f1283528C88f97827,0xf7FAB9ecf9BF6F89d7648Cc5c312e63D10eAf142,0,0xb554a6210000000000000000000000000000000000000000000000000000000000000003,"{'function_name': 'SetMode', 'inputs': (<Function SetMode(uint8)>, {'mode': 0})}"
378,0x10322851ab6fe633348a7c963224e46d8e4353a91f34007c81d83382cfb83fae,0x666474a318918123e27b9d6f1283528C88f97827,0xf7FAB9ecf9BF6F89d7648Cc5c312e63D10eAf142,0,0x4a542ae2000000000000000000000000000000000000000000000000000000000000733a,"{'function_name': 'SetMode', 'inputs': (<Function SetMode(uint8)>, {'mode': 3})}"
379,0x7c962a0645c17ec787f4727b45b414e6775f66e0a521e8e87aab1e9d9128b229,0x666474a318918123e27b9d6f1283528C88f97827,0xf7FAB9ecf9BF6F89d7648Cc5c312e63D10eAf142,0,0xb554a6210000000000000000000000000000000000000000000000000000000000000002,"{'function_name': 'SetTargetTemperature', 'inputs': (<Function SetTargetTemperature(int256)>, {'targetTemperature': 29498})}"
380,0x88238045003172aa34134941d2c04438d66d8cf7a1f5df5d6b9d5b8f704e6173,0x666474a318918123e27b9d6f1283528C88f97827,0xf7FAB9ecf9BF6F89d7648Cc5c312e63D10eAf142,0,0xb554a6210000000000000000000000000000000000000000000000000000000000000000,"{'function_name': 'SetMode', 'inputs': (<Function SetMode(uint8)>, {'mode': 2})}"
381,0xe8fc74092a61a717422cc2b50c9be7bf4e441d15f9fb180f6fab8cba53dc05b4,0x666474a318918123e27b9d6f1283528C88f97827,0xf7FAB9ecf9BF6F89d7648Cc5c312e63D10eAf142,0,0xb554a6210000000000000000000000000000000000000000000000000000000000000001,"{'function_name': 'SetMode', 'inputs': (<Function SetMode(uint8)>, {'mode': 0})}"
382,0x2ebc17e3a310dc24f82eb803d7faf5cbb1112d6205e67e2c8b39d5b7ddfd3e47,0x666474a318918123e27b9d6f1283528C88f97827,0xf7FAB9ecf9BF6F89d7648Cc5c312e63D10eAf142,0,0xb554a6210000000000000000000000000000000000000000000000000000000000000000,"{'function_name': 'SetMode', 'inputs': (<Function SetMode(uint8)>, {'mode': 1})}"
383,0xe7186ae4e8b7e942f44079e9413a0d99b199dfea5ec3be226f9852ed737b150d,0x666474a318918123e27b9d6f1283528C88f97827,0xf7FAB9ecf9BF6F89d7648Cc5c312e63D10eAf142,0,0xb554a6210000000000000000000000000000000000000000000000000000000000000003,"{'function_name': 'SetMode', 'inputs': (<Function SetMode(uint8)>, {'mode': 0})}"
384,0x275e0e3ed806edd69229dd01a91a67b16a21f07846bf6445c0c096b640553acc,0x666474a318918123e27b9d6f1283528C88f97827,0xf7FAB9ecf9BF6F89d7648Cc5c312e63D10eAf142,0,0x4a542ae2000000000000000000000000000000000000000000000000000000000000c3ab,"{'function_name': 'SetMode', 'inputs': (<Function SetMode(uint8)>, {'mode': 3})}"
385,0x1be2e67476017eadbb92ffadca25c3027d49435c4ffe2f3efb4f5268a5245018,0x666474a318918123e27b9d6f1283528C88f97827,0xf7FAB9ecf9BF6F89d7648Cc5c312e63D10eAf142,0,0x4a542ae20000000000000000000000000000000000000000000000000000000000006085,"{'function_name': 'SetTargetTemperature', 'inputs': (<Function SetTargetTemperature(int256)>, {'targetTemperature': 50091})}"
386,0xc31475ff3c01438d88a8d1e161176fce039409a393f410c3a0b197e1fc18fb0b,0x666474a318918123e27b9d6f1283528C88f97827,0xf7FAB9ecf9BF6F89d7648Cc5c312e63D10eAf142,0,0xb554a6210000000000000000000000000000000000000000000000000000000000000002,"{'function_name': 'SetTargetTemperature', 'inputs': (<Function SetTargetTemperature(int256)>, {'targetTemperature': 24709})}"
387,0xb72437156c400edfd606fc8dc6d6f98b0d199e9143dfc1cca9b9a434c7dcbc9d,0x666474a318918123e27b9d6f1283528C88f97827,0xf7FAB9ecf9BF6F89d7648Cc5c312e63D10eAf142,0,0xb554a6210000000000000000000000000000000000000000000000000000000000000003,"{'function_name': 'SetMode', 'inputs': (<Function SetMode(uint8)>, {'mode': 2})}"
388,0xfba39a4d8b9221c84a3945d849777366639a0f47322efdd4a1e56592dda24df5,0x666474a318918123e27b9d6f1283528C88f97827,0xf7FAB9ecf9BF6F89d7648Cc5c312e63D10eAf142,0,0x4a542ae200000000000000000000000000000000000000000000000000000000000119a7,"{'function_name': 'SetMode', 'inputs': (<Function SetMode(uint8)>, {'mode': 3})}"
389,0x92b69dc7705541a546404f33a403090ecf42c2ae73ed0e2b2994e7752feda7a3,0x35fA38D6e01F98B5e9f7672b0294177388BB381e,0x5c6391B373C8E61e030b6E4ca9a62825CfF098b0,0,0x198f54700000000000000000000000000000000000000000000000000000000000000020000000000000000000000000000000000000000000000000000000000000000200000000000000000000000000000000000000000000000000000000000000010000000000000000000000000000000000000000000000000000000000000002,"{'function_name': 'SetTargetTemperature', 'inputs': (<Function SetTargetTemperature(int256)>, {'targetTemperature': 72103})}"
