Block Number,Tx Hash,From,To,Value,Data,Deocde_data
1786,0x225098dc51788fd1d81bde7ddfcc70251872c6b17484ba87f1504ca8ad2121aa,0x934e8d68E0b5B49054dad167564A4E044F4aDF58,0x8308673605F5d1828848298034Fc9cC43c4a0296,0,0x01b7dcb4,"{'function_name': 'Complete', 'inputs': (<Function Complete()>, {})}"
1787,0x3d49c7d382f0bef07f5626abe2d90b05a34f7734e0109375976e83296a1ad57c,0x3F8306Adf9DDa2E06Fd068CA44220756d9FDeF65,0x2d06A4edc2552fe7c66A242b9aD7DDE0307bDe62,0,0x32226cde0000000000000000000000000167a993b82fef5033645b2bc345325646b3fded,"{'function_name': 'Complete', 'inputs': (<Function Complete()>, {})}"
1788,0x6b47080215354765362e97a9ec4200412a660ca8b5224ecc86172065ea4c7dc2,0x0167a993B82feF5033645b2Bc345325646B3FDEd,0x2d06A4edc2552fe7c66A242b9aD7DDE0307bDe62,0,0x32226cde00000000000000000000000020e646ca24a51e324ad07644245a07feed0426c2,"{'function_name': 'TransferResponsibility', 'inputs': (<Function TransferResponsibility(address)>, {'newCounterparty': '0x0167a993B82feF5033645b2Bc345325646B3FDEd'})}"
1789,0xf6d89fd50ea4a1bba88471c5cb871bcb89493c32edf6b0111ba1d3a922aa5884,0x934e8d68E0b5B49054dad167564A4E044F4aDF58,0x2d06A4edc2552fe7c66A242b9aD7DDE0307bDe62,0,0x01b7dcb4,"{'function_name': 'TransferResponsibility', 'inputs': (<Function TransferResponsibility(address)>, {'newCounterparty': '0x20E646cA24A51E324aD07644245a07fEed0426C2'})}"
1790,0xa7e8ab632b18c739136e4b372f21e11788f5b93dff626597d29b436939802979,0x934e8d68E0b5B49054dad167564A4E044F4aDF58,0xdfD4C7bBf921c20f49E677DAA51Efd6Bef095c0c,0,0x01b7dcb4,"{'function_name': 'Complete', 'inputs': (<Function Complete()>, {})}"
1791,0xd94242437a58e66ab303e75993238ed8de42b2fbcc04678a21b02aab990f3ea0,0x934e8d68E0b5B49054dad167564A4E044F4aDF58,0x23EC7A8f422a6b8e3CdB6Df8cC9526f4f82e4B1f,0,0x01b7dcb4,"{'function_name': 'Complete', 'inputs': (<Function Complete()>, {})}"
1792,0x371593c219812b73570c1ec9030d53c7d4c01dc298ef8e9aecbcd03c7348dde8,0x934e8d68E0b5B49054dad167564A4E044F4aDF58,0x7B93a233F979Ba3dda09E6508eBD8E087ec4ab9c,0,0x01b7dcb4,"{'function_name': 'Complete', 'inputs': (<Function Complete()>, {})}"
1793,0x98605fb6bb5ba3f6144bbd014cf4d8995350abd43f6df87e27c64c0290ebf6d4,0x934e8d68E0b5B49054dad167564A4E044F4aDF58,0x06A1D854217DaEd358Ce24b7bd9133CDb454BB5E,0,0x01b7dcb4,"{'function_name': 'Complete', 'inputs': (<Function Complete()>, {})}"
1794,0xff6d435d4ecd2e0c1f47afe408edc75a05bbaae9dec9a7cc275bbc7082a8f319,0x934e8d68E0b5B49054dad167564A4E044F4aDF58,0x06b746f649f358eFA36926Ffa6A3A20acf496cFd,0,0x01b7dcb4,"{'function_name': 'Complete', 'inputs': (<Function Complete()>, {})}"
1795,0x4152cfeb579f74ededaa5539dea9ddb198176261ab8e5bc0c03d62fc29a9c779,0x934e8d68E0b5B49054dad167564A4E044F4aDF58,0x964eE2e8691Bb29Ff88B3d394602Dae90eF7b351,0,0x01b7dcb4,"{'function_name': 'Complete', 'inputs': (<Function Complete()>, {})}"
1796,0x79ad945b3256ed8392ed08ae548178756890fbe3b1f8e9be724cd69b4f95b245,0x934e8d68E0b5B49054dad167564A4E044F4aDF58,0xB11116b09298E533d4eeDF29a160B748d23cb41c,0,0x01b7dcb4,"{'function_name': 'Complete', 'inputs': (<Function Complete()>, {})}"
1797,0x083e087d089dd8310f572cccc4bd8fa7d7ca55473ac961b3e7f40b70accc2f8e,0x934e8d68E0b5B49054dad167564A4E044F4aDF58,0x0CDB05E3B2EC4DA4A13E012Dc2f16794Ec0b62a5,0,0x01b7dcb4,"{'function_name': 'Complete', 'inputs': (<Function Complete()>, {})}"
1798,0x119f5aff4803808675551e1985451ce7f7f59601c19e262d50b4a2d1125ae8b6,0x3F8306Adf9DDa2E06Fd068CA44220756d9FDeF65,0x17788783B54347E1f5D47550B28b270E550f3170,0,0x32226cde00000000000000000000000064dfeae370c5174b3595dbb1dc04651595b7da37,"{'function_name': 'Complete', 'inputs': (<Function Complete()>, {})}"
1799,0xf354c017983d27c2aff34d36e85fbe96c7461604f5d8a38e2f1bc2f97cb4e534,0x64DFEAe370C5174B3595dBb1DC04651595b7Da37,0x17788783B54347E1f5D47550B28b270E550f3170,0,0x32226cde000000000000000000000000606ec1ca1c986462c52bde7bb7f694db08c1af72,"{'function_name': 'TransferResponsibility', 'inputs': (<Function TransferResponsibility(address)>, {'newCounterparty': '0x64DFEAe370C5174B3595dBb1DC04651595b7Da37'})}"
1800,0x6ed3f24424129cedd6f23d5b9aae11e3d2a402f239774b435d009386cb128504,0x606Ec1CA1C986462C52bDE7Bb7F694DB08c1Af72,0x17788783B54347E1f5D47550B28b270E550f3170,0,0x32226cde00000000000000000000000020e646ca24a51e324ad07644245a07feed0426c2,"{'function_name': 'TransferResponsibility', 'inputs': (<Function TransferResponsibility(address)>, {'newCounterparty': '0x606Ec1CA1C986462C52bDE7Bb7F694DB08c1Af72'})}"
1801,0x567a63bedac63f2eb485c68bc57714f7f7b643ebe5a20da48789b562dfef5711,0x20E646cA24A51E324aD07644245a07fEed0426C2,0x17788783B54347E1f5D47550B28b270E550f3170,0,0x32226cde0000000000000000000000003f8306adf9dda2e06fd068ca44220756d9fdef65,"{'function_name': 'TransferResponsibility', 'inputs': (<Function TransferResponsibility(address)>, {'newCounterparty': '0x20E646cA24A51E324aD07644245a07fEed0426C2'})}"
1802,0xfdf8e9a8a718e9892b0e0ca2687cc754c736c91039dddc24da5139a6f30678b3,0x3F8306Adf9DDa2E06Fd068CA44220756d9FDeF65,0x17788783B54347E1f5D47550B28b270E550f3170,0,0x32226cde00000000000000000000000020e646ca24a51e324ad07644245a07feed0426c2,"{'function_name': 'TransferResponsibility', 'inputs': (<Function TransferResponsibility(address)>, {'newCounterparty': '0x3F8306Adf9DDa2E06Fd068CA44220756d9FDeF65'})}"
1803,0xfe35c642fdab6c62a78e0cbf62af6ba36149cb58dcd91ecd117e59bffab63ed7,0x934e8d68E0b5B49054dad167564A4E044F4aDF58,0x17788783B54347E1f5D47550B28b270E550f3170,0,0x01b7dcb4,"{'function_name': 'TransferResponsibility', 'inputs': (<Function TransferResponsibility(address)>, {'newCounterparty': '0x20E646cA24A51E324aD07644245a07fEed0426C2'})}"
1804,0x18756e7adc370ccc6ba315eb64b768d7192f2a2b1bb522cea5e6ba68933df6ca,0x934e8d68E0b5B49054dad167564A4E044F4aDF58,0x46d30096d6035eab3eDAF4601609C543bA759015,0,0x01b7dcb4,"{'function_name': 'Complete', 'inputs': (<Function Complete()>, {})}"
1805,0x44e7eaba7de7955fff4c58097ae9615e35606c906f59b98c6ce9b07476868897,0x3F8306Adf9DDa2E06Fd068CA44220756d9FDeF65,0x13D040daA34EA613cDa0355fE866A3638fe9F057,0,0x32226cde0000000000000000000000003f8306adf9dda2e06fd068ca44220756d9fdef65,"{'function_name': 'Complete', 'inputs': (<Function Complete()>, {})}"
1806,0xf8ea27b06c80f71049a61df8219958bdde39d487a5ce5f6e800d4def7e651c2c,0x934e8d68E0b5B49054dad167564A4E044F4aDF58,0x13D040daA34EA613cDa0355fE866A3638fe9F057,0,0x01b7dcb4,"{'function_name': 'TransferResponsibility', 'inputs': (<Function TransferResponsibility(address)>, {'newCounterparty': '0x3F8306Adf9DDa2E06Fd068CA44220756d9FDeF65'})}"
1807,0x1bccf2bc379f7f8e492db6e0eebc7684eb4f430c352e5afe7eda406ed304f74e,0x934e8d68E0b5B49054dad167564A4E044F4aDF58,0x11f2B5B9d46248ff3e7542b2304F721De92cd2f8,0,0x01b7dcb4,"{'function_name': 'Complete', 'inputs': (<Function Complete()>, {})}"
1808,0x959c02e39f944b3c780c0ed641e41ef142b772ad8ce71085a2f8c4abde458943,0x934e8d68E0b5B49054dad167564A4E044F4aDF58,0xEaf481853670296119f799c3324fE9574a3fca0A,0,0x01b7dcb4,"{'function_name': 'Complete', 'inputs': (<Function Complete()>, {})}"
1809,0xfa3030073e8852f602508167d3d826cefcc16b2e090019d910d77cc618b800fb,0x934e8d68E0b5B49054dad167564A4E044F4aDF58,0x9C39F5E670C0099A03BE971e531512C16FA920cB,0,0x01b7dcb4,"{'function_name': 'Complete', 'inputs': (<Function Complete()>, {})}"
1810,0xfba63b195c909d73f6cedfc67cf6280a0135d926e11ec20847ed8664f3339517,0x934e8d68E0b5B49054dad167564A4E044F4aDF58,0xF7d363A00776DF33AB6BbAB696574e3c51F61e8c,0,0x01b7dcb4,"{'function_name': 'Complete', 'inputs': (<Function Complete()>, {})}"
1811,0x652df4b00bd86c42bd7e84fb4490428903caf5b05f172e7a2bd4cf4e656ca50d,0x3F8306Adf9DDa2E06Fd068CA44220756d9FDeF65,0x6509f3A212a1d46D5DcaCB653614c9DFe38bfD6C,0,0x32226cde0000000000000000000000003f8306adf9dda2e06fd068ca44220756d9fdef65,"{'function_name': 'Complete', 'inputs': (<Function Complete()>, {})}"
1812,0x07214d469f5f5444e141d87e6b2609e27ab14105f728f5413aeca7f51d6b7dac,0x3F8306Adf9DDa2E06Fd068CA44220756d9FDeF65,0x6509f3A212a1d46D5DcaCB653614c9DFe38bfD6C,0,0x32226cde000000000000000000000000606ec1ca1c986462c52bde7bb7f694db08c1af72,"{'function_name': 'TransferResponsibility', 'inputs': (<Function TransferResponsibility(address)>, {'newCounterparty': '0x3F8306Adf9DDa2E06Fd068CA44220756d9FDeF65'})}"
1813,0xcea0807a985b47522a30b9e016415fc51de59c240036b13ec8311ac66a453ab7,0x934e8d68E0b5B49054dad167564A4E044F4aDF58,0x6509f3A212a1d46D5DcaCB653614c9DFe38bfD6C,0,0x01b7dcb4,"{'function_name': 'TransferResponsibility', 'inputs': (<Function TransferResponsibility(address)>, {'newCounterparty': '0x606Ec1CA1C986462C52bDE7Bb7F694DB08c1Af72'})}"
1814,0xc5c002b28dd85cdf308568cb9dda65d71fbfe6702be30dc84739f643463b6d81,0x3F8306Adf9DDa2E06Fd068CA44220756d9FDeF65,0x20A9b4286Ac8ad2300E80b10D76ADe6a9824a81B,0,0x32226cde000000000000000000000000666474a318918123e27b9d6f1283528c88f97827,"{'function_name': 'Complete', 'inputs': (<Function Complete()>, {})}"
1815,0x0b485bc9a5656a714a6670f891e9e013f28099606b229668af7ef9fd51449d80,0x934e8d68E0b5B49054dad167564A4E044F4aDF58,0x20A9b4286Ac8ad2300E80b10D76ADe6a9824a81B,0,0x01b7dcb4,"{'function_name': 'TransferResponsibility', 'inputs': (<Function TransferResponsibility(address)>, {'newCounterparty': '0x666474a318918123e27b9d6f1283528C88f97827'})}"
1816,0x40fe04c1324b53812ed9044f8acf6cd441330f31b963a81cf1728e2fff6c47fd,0x934e8d68E0b5B49054dad167564A4E044F4aDF58,0xda8AB8F48D38A0F834D02048B810ebB7Fe6aB428,0,0x01b7dcb4,"{'function_name': 'Complete', 'inputs': (<Function Complete()>, {})}"
1817,0x3cef5bf8760fceea3775dc63c3019acef5156ba74f6b978ce68ed02314e77684,0x934e8d68E0b5B49054dad167564A4E044F4aDF58,0x2330563b73E1184EBfA5b93CeEF8e84325268b75,0,0x01b7dcb4,"{'function_name': 'Complete', 'inputs': (<Function Complete()>, {})}"
1818,0xfdaf75e04c407a67804726656b3be570a61451b3a8bad1417f468cd9c134f671,0x3F8306Adf9DDa2E06Fd068CA44220756d9FDeF65,0x96CD1edbeC362BaE8466E1A27ecDB0D9559f7Df7,0,0x32226cde000000000000000000000000606ec1ca1c986462c52bde7bb7f694db08c1af72,"{'function_name': 'Complete', 'inputs': (<Function Complete()>, {})}"
1819,0x2a1b26ad71a9d05637bdf7856f57d6e357835a42ed2efd318d5bd7249a35e322,0x934e8d68E0b5B49054dad167564A4E044F4aDF58,0x96CD1edbeC362BaE8466E1A27ecDB0D9559f7Df7,0,0x01b7dcb4,"{'function_name': 'TransferResponsibility', 'inputs': (<Function TransferResponsibility(address)>, {'newCounterparty': '0x606Ec1CA1C986462C52bDE7Bb7F694DB08c1Af72'})}"
1820,0xbc1cee24a5ab6f8ffbf0d708e7aefb2e5580f49308c8ba4884f2e4a347561c33,0x934e8d68E0b5B49054dad167564A4E044F4aDF58,0x3747747a32e76706975821b691Bd75560B79FD62,0,0x01b7dcb4,"{'function_name': 'Complete', 'inputs': (<Function Complete()>, {})}"
1821,0xd71b3378762b6ad6e4d65cb3a9a57e4fb4242aabccf295e3bddffbb361e0c3ac,0x934e8d68E0b5B49054dad167564A4E044F4aDF58,0xfb455Cf513A084337b48353108e3EA827f46568e,0,0x01b7dcb4,"{'function_name': 'Complete', 'inputs': (<Function Complete()>, {})}"
1822,0x5f70366c49635cb8c955d88b2e2d2a4d99d6f5be9aaede0812cb62a6fd55cad4,0x934e8d68E0b5B49054dad167564A4E044F4aDF58,0xf3dd7FA0f49413C95D1D2d83090fa8fCB55725AC,0,0x01b7dcb4,"{'function_name': 'Complete', 'inputs': (<Function Complete()>, {})}"
1823,0x4c8967657c4fd184b5287b91215c82012c1dfb59d13e216dc0bb7845cb4f080b,0x3F8306Adf9DDa2E06Fd068CA44220756d9FDeF65,0x59221c087324cEf78eDdc94d77274074400AFB8a,0,0x32226cde000000000000000000000000606ec1ca1c986462c52bde7bb7f694db08c1af72,"{'function_name': 'Complete', 'inputs': (<Function Complete()>, {})}"
1824,0x86bafe6f85ec6291e9f9d38af865b992691ee8548fd7933daade6398d1dc99a7,0x606Ec1CA1C986462C52bDE7Bb7F694DB08c1Af72,0x59221c087324cEf78eDdc94d77274074400AFB8a,0,0x32226cde0000000000000000000000000167a993b82fef5033645b2bc345325646b3fded,"{'function_name': 'TransferResponsibility', 'inputs': (<Function TransferResponsibility(address)>, {'newCounterparty': '0x606Ec1CA1C986462C52bDE7Bb7F694DB08c1Af72'})}"
1825,0x0fe9fc9c6b7272ae8242ac848fd5944aa7978dcb8d9a711f8a5d51266428b406,0x934e8d68E0b5B49054dad167564A4E044F4aDF58,0x59221c087324cEf78eDdc94d77274074400AFB8a,0,0x01b7dcb4,"{'function_name': 'TransferResponsibility', 'inputs': (<Function TransferResponsibility(address)>, {'newCounterparty': '0x0167a993B82feF5033645b2Bc345325646B3FDEd'})}"
1826,0xb489447bd1f73171b005aacb2d2a32ea68545e60926b238b02bcfebfaf4c5eb6,0x3F8306Adf9DDa2E06Fd068CA44220756d9FDeF65,0xD3f17DdF4c8ec5bD44F28f8517452bE4A534610c,0,0x32226cde0000000000000000000000003f8306adf9dda2e06fd068ca44220756d9fdef65,"{'function_name': 'Complete', 'inputs': (<Function Complete()>, {})}"
1827,0x1ef6ff30025591062205b2c61643694381144147bb9e0a72785cae83fa2b92ac,0x934e8d68E0b5B49054dad167564A4E044F4aDF58,0xD3f17DdF4c8ec5bD44F28f8517452bE4A534610c,0,0x01b7dcb4,"{'function_name': 'TransferResponsibility', 'inputs': (<Function TransferResponsibility(address)>, {'newCounterparty': '0x3F8306Adf9DDa2E06Fd068CA44220756d9FDeF65'})}"
1828,0x1ea8420850c6b0cdc8295ba3734646fd873d30eacfbae30348a4001e83eb8335,0x3F8306Adf9DDa2E06Fd068CA44220756d9FDeF65,0x6132e50DC56b23A315A199aeeEdc2Deb3d27B168,0,0x32226cde000000000000000000000000934e8d68e0b5b49054dad167564a4e044f4adf58,"{'function_name': 'Complete', 'inputs': (<Function Complete()>, {})}"
1829,0xc4fa95e2e3f69d6c94f5cdc1ac96d0567cb6c7985c5158e4e6cd77f77d284775,0x934e8d68E0b5B49054dad167564A4E044F4aDF58,0x6132e50DC56b23A315A199aeeEdc2Deb3d27B168,0,0x01b7dcb4,"{'function_name': 'TransferResponsibility', 'inputs': (<Function TransferResponsibility(address)>, {'newCounterparty': '0x934e8d68E0b5B49054dad167564A4E044F4aDF58'})}"
1830,0x05c63f86a15d2e279a8d76137320f5f5b72ac8ac4f5e21e9647cad7e486b7f51,0x3F8306Adf9DDa2E06Fd068CA44220756d9FDeF65,0xD2dd544653783633895dbD5d7296D451e3440E4e,0,0x32226cde00000000000000000000000003db6d217c76e42138a1d8125c9e06ed591e08b2,"{'function_name': 'Complete', 'inputs': (<Function Complete()>, {})}"
1831,0x8b213bced552a8cf3eafa67eca5ef569cc942bd6cf33d0ec435f279611dc86d0,0x03Db6D217C76E42138A1d8125c9e06eD591e08b2,0xD2dd544653783633895dbD5d7296D451e3440E4e,0,0x32226cde00000000000000000000000003db6d217c76e42138a1d8125c9e06ed591e08b2,"{'function_name': 'TransferResponsibility', 'inputs': (<Function TransferResponsibility(address)>, {'newCounterparty': '0x03Db6D217C76E42138A1d8125c9e06eD591e08b2'})}"
1832,0x2fb05c54f2192224627bad53bc04e8499854105571b646c1373bc75abee69b8a,0x934e8d68E0b5B49054dad167564A4E044F4aDF58,0xD2dd544653783633895dbD5d7296D451e3440E4e,0,0x01b7dcb4,"{'function_name': 'TransferResponsibility', 'inputs': (<Function TransferResponsibility(address)>, {'newCounterparty': '0x03Db6D217C76E42138A1d8125c9e06eD591e08b2'})}"
1833,0xbec0b7f3952fc3695bb7dc506dfaa15ad1e9aa8c3b691bb070583b139510b6a1,0x3F8306Adf9DDa2E06Fd068CA44220756d9FDeF65,0x0dB037693B1955ee1ECBD3a0c1Ae6A4214600836,0,0x32226cde00000000000000000000000064dfeae370c5174b3595dbb1dc04651595b7da37,"{'function_name': 'Complete', 'inputs': (<Function Complete()>, {})}"
1834,0xa860dcfbef24bed9946624f11fe0500b899baed085ccbbeac7015ae24200a9e7,0x64DFEAe370C5174B3595dBb1DC04651595b7Da37,0x0dB037693B1955ee1ECBD3a0c1Ae6A4214600836,0,0x32226cde00000000000000000000000020e646ca24a51e324ad07644245a07feed0426c2,"{'function_name': 'TransferResponsibility', 'inputs': (<Function TransferResponsibility(address)>, {'newCounterparty': '0x64DFEAe370C5174B3595dBb1DC04651595b7Da37'})}"
1835,0x85645f60ecf5a735a3b931d05a895c68713b4f80d738fde02a58843333fb5184,0x934e8d68E0b5B49054dad167564A4E044F4aDF58,0x0dB037693B1955ee1ECBD3a0c1Ae6A4214600836,0,0x01b7dcb4,"{'function_name': 'TransferResponsibility', 'inputs': (<Function TransferResponsibility(address)>, {'newCounterparty': '0x20E646cA24A51E324aD07644245a07fEed0426C2'})}"
1836,0x44a45f65760c1bfb7d092c165440842b214270080fd4b86924a90379053c720e,0x3F8306Adf9DDa2E06Fd068CA44220756d9FDeF65,0xd44985A068F5a726F358d0D4eCb2BF1a2B481587,0,0x32226cde000000000000000000000000606ec1ca1c986462c52bde7bb7f694db08c1af72,"{'function_name': 'Complete', 'inputs': (<Function Complete()>, {})}"
1837,0x27156acd8c66090d8d647276fee52e65993cef6f4e251caef7fe21e33d0cdf34,0x606Ec1CA1C986462C52bDE7Bb7F694DB08c1Af72,0xd44985A068F5a726F358d0D4eCb2BF1a2B481587,0,0x32226cde000000000000000000000000606ec1ca1c986462c52bde7bb7f694db08c1af72,"{'function_name': 'TransferResponsibility', 'inputs': (<Function TransferResponsibility(address)>, {'newCounterparty': '0x606Ec1CA1C986462C52bDE7Bb7F694DB08c1Af72'})}"
1838,0x7c7448ce9dcaa4d70aa1a5a7d8fd76f59ae40a11feb4505e38290379cc80beaf,0x934e8d68E0b5B49054dad167564A4E044F4aDF58,0xd44985A068F5a726F358d0D4eCb2BF1a2B481587,0,0x01b7dcb4,"{'function_name': 'TransferResponsibility', 'inputs': (<Function TransferResponsibility(address)>, {'newCounterparty': '0x606Ec1CA1C986462C52bDE7Bb7F694DB08c1Af72'})}"
1839,0xbafbdd4ee9588e0327065033159ae2eb98907e6cc521668dfe2641448aa89246,0x3F8306Adf9DDa2E06Fd068CA44220756d9FDeF65,0xcB9EE7789be0181b122304fB2Eb666CA430f2B31,0,0x32226cde000000000000000000000000666474a318918123e27b9d6f1283528c88f97827,"{'function_name': 'Complete', 'inputs': (<Function Complete()>, {})}"
1840,0x562b8745acebaf581d396ca8aa92980d0f7d91d01cd1a3bebb7955e6abb4d719,0x934e8d68E0b5B49054dad167564A4E044F4aDF58,0xcB9EE7789be0181b122304fB2Eb666CA430f2B31,0,0x01b7dcb4,"{'function_name': 'TransferResponsibility', 'inputs': (<Function TransferResponsibility(address)>, {'newCounterparty': '0x666474a318918123e27b9d6f1283528C88f97827'})}"
1841,0xe45765e954e5e6bcf4aeeabb9b4e9912bd952bfc2ab9b202c3343c454309177b,0x934e8d68E0b5B49054dad167564A4E044F4aDF58,0x21E221442BD5fFC4306a5D4f3bFd941AB91b11a5,0,0x01b7dcb4,"{'function_name': 'Complete', 'inputs': (<Function Complete()>, {})}"
1842,0x18a9c6f81e7451a884170de8263fcd4006748ccc43b69b49818ea20b6c25cade,0x3F8306Adf9DDa2E06Fd068CA44220756d9FDeF65,0x8744d4910E2348dEE656a798D9f67B65065890d5,0,0x32226cde00000000000000000000000064dfeae370c5174b3595dbb1dc04651595b7da37,"{'function_name': 'Complete', 'inputs': (<Function Complete()>, {})}"
1843,0xf62305fa23a010fdf882cef74fc63269ddfbde4db75d5359420222c75c93b9a8,0x64DFEAe370C5174B3595dBb1DC04651595b7Da37,0x8744d4910E2348dEE656a798D9f67B65065890d5,0,0x32226cde0000000000000000000000003f8306adf9dda2e06fd068ca44220756d9fdef65,"{'function_name': 'TransferResponsibility', 'inputs': (<Function TransferResponsibility(address)>, {'newCounterparty': '0x64DFEAe370C5174B3595dBb1DC04651595b7Da37'})}"
1844,0x60a557dcf4044e4bd02c68b41ffbe1bcddcb10c3579615176203aa46ca5fa30f,0x934e8d68E0b5B49054dad167564A4E044F4aDF58,0x8744d4910E2348dEE656a798D9f67B65065890d5,0,0x01b7dcb4,"{'function_name': 'TransferResponsibility', 'inputs': (<Function TransferResponsibility(address)>, {'newCounterparty': '0x3F8306Adf9DDa2E06Fd068CA44220756d9FDeF65'})}"
1845,0xf385341c6d62694effc0c6f76f21344745b392e4b474111dd75bd80a2e2f574f,0x934e8d68E0b5B49054dad167564A4E044F4aDF58,0xE6e15B3E6d5b56330f6B1306eBd4777A822E5d92,0,0x01b7dcb4,"{'function_name': 'Complete', 'inputs': (<Function Complete()>, {})}"
1846,0x94c938603ab1bb298b64cd05fe34d408e33df7c4775c3c0495d7cee49096ae3b,0x934e8d68E0b5B49054dad167564A4E044F4aDF58,0x35DCB5A998235Fc22454E12abF60862B5735AD53,0,0x01b7dcb4,"{'function_name': 'Complete', 'inputs': (<Function Complete()>, {})}"
1847,0xb815da303857e818186cb7a55212ce395f4a5250aa02cb6f0b3500507017d1eb,0x3F8306Adf9DDa2E06Fd068CA44220756d9FDeF65,0x225c8505561De7535512269b343e632A1e21D278,0,0x32226cde00000000000000000000000035fa38d6e01f98b5e9f7672b0294177388bb381e,"{'function_name': 'Complete', 'inputs': (<Function Complete()>, {})}"
1848,0x19883843df6e1c2219283c9ce1701342edc36d6823957e3636a2770339418846,0x934e8d68E0b5B49054dad167564A4E044F4aDF58,0x225c8505561De7535512269b343e632A1e21D278,0,0x01b7dcb4,"{'function_name': 'TransferResponsibility', 'inputs': (<Function TransferResponsibility(address)>, {'newCounterparty': '0x35fA38D6e01F98B5e9f7672b0294177388BB381e'})}"
1849,0xff5f00885559a0729d97e103a7c97e821a13e5a0982e7bb5e86efcfe73f0924a,0x934e8d68E0b5B49054dad167564A4E044F4aDF58,0xb2203D2be9Bbc8D0ef6a3e087285F0B862810Eee,0,0x01b7dcb4,"{'function_name': 'Complete', 'inputs': (<Function Complete()>, {})}"
1850,0x79be6504da2f97dc880e7426f5f29be3db385ba5d822bde35014d7261c0bbda9,0x3F8306Adf9DDa2E06Fd068CA44220756d9FDeF65,0xE85265329B61aDea37F5bbC9967b43a39A48dCE7,0,0x32226cde00000000000000000000000035fa38d6e01f98b5e9f7672b0294177388bb381e,"{'function_name': 'Complete', 'inputs': (<Function Complete()>, {})}"
1851,0x0d574fcffe4d579ab2283672f9ff038770af65f29d668d2f7cebbac58abe0506,0x934e8d68E0b5B49054dad167564A4E044F4aDF58,0xE85265329B61aDea37F5bbC9967b43a39A48dCE7,0,0x01b7dcb4,"{'function_name': 'TransferResponsibility', 'inputs': (<Function TransferResponsibility(address)>, {'newCounterparty': '0x35fA38D6e01F98B5e9f7672b0294177388BB381e'})}"
1852,0xe6188a8702f8b3c391f9c591eb2c66ec61178d951ad1022a86f49f2d3a1933e8,0x3F8306Adf9DDa2E06Fd068CA44220756d9FDeF65,0x05b97Eb0af3C994281F0dFB1123f561003c259E0,0,0x32226cde0000000000000000000000007a4f14dcf116ddfaeb08e9e3e4615937fdd24621,"{'function_name': 'Complete', 'inputs': (<Function Complete()>, {})}"
1853,0xd5209bcb692057dd2ddbc08c1c82e228f7e2325def0c5e3847ea41642ff01e95,0x934e8d68E0b5B49054dad167564A4E044F4aDF58,0x05b97Eb0af3C994281F0dFB1123f561003c259E0,0,0x01b7dcb4,"{'function_name': 'TransferResponsibility', 'inputs': (<Function TransferResponsibility(address)>, {'newCounterparty': '0x7A4f14dcF116DDFAeB08E9E3E4615937FDd24621'})}"
1854,0x2c3de3d8ac7489bd55bf99199bd35c2a783da964ae832350ea51f26202d1a170,0x934e8d68E0b5B49054dad167564A4E044F4aDF58,0xab0eB97e9a2563217b6e666174377716922c50ea,0,0x01b7dcb4,"{'function_name': 'Complete', 'inputs': (<Function Complete()>, {})}"
1855,0x13c22abe1aed4f12706d3d8601e9dfb3559d826954c70e9e145d91a9bbd82b16,0x934e8d68E0b5B49054dad167564A4E044F4aDF58,0xb3ddb6b3D7c17C1f7AD9681F5D3F7C6Db16F6156,0,0x01b7dcb4,"{'function_name': 'Complete', 'inputs': (<Function Complete()>, {})}"
1856,0x21894b4690fca12c8e7461f7873afacf29f0667e27c34d6657d815f651d7e3a5,0x934e8d68E0b5B49054dad167564A4E044F4aDF58,0x81F8BF938662e3Fc97F6258F3666fAa70ac4CB57,0,0x01b7dcb4,"{'function_name': 'Complete', 'inputs': (<Function Complete()>, {})}"
1857,0x91330f7b5c1d895880b954c6f16a993c50d4c9ae8e193fd91081965c0668a8e7,0x934e8d68E0b5B49054dad167564A4E044F4aDF58,0x210e6ce6F6dD19311cb0B200F06C916463710d2d,0,0x01b7dcb4,"{'function_name': 'Complete', 'inputs': (<Function Complete()>, {})}"
1858,0xdb0a01b3899ee5e5925686014b6afab022e07cc9830635e536ab41e40beac35a,0x934e8d68E0b5B49054dad167564A4E044F4aDF58,0x475d679F4e3897dD49A2C491bDA3E1B495e695A8,0,0x01b7dcb4,"{'function_name': 'Complete', 'inputs': (<Function Complete()>, {})}"
1859,0x39d6d807f93d2241772af06c9e597d22d17857cb65310525d02ecc62a9c36ec6,0x934e8d68E0b5B49054dad167564A4E044F4aDF58,0x5C4420f0dF28B76e397EDe3C2eC87f7e1437ffA6,0,0x01b7dcb4,"{'function_name': 'Complete', 'inputs': (<Function Complete()>, {})}"
1860,0xed69fcc247bd95d29127632f2bc23ffbc1c7f95df1b1bcf2386f15ae750e7da7,0x934e8d68E0b5B49054dad167564A4E044F4aDF58,0xf0987262143eE844E8cAf3c756Fba50a5E409C35,0,0x01b7dcb4,"{'function_name': 'Complete', 'inputs': (<Function Complete()>, {})}"
1861,0xaf79616250b4ef07d02955e5f29a6badecda53307ee3de36a53ba1a0468f45d3,0x3F8306Adf9DDa2E06Fd068CA44220756d9FDeF65,0xB9BD06E14B527CbC64770a89009abB30dC2Ddf66,0,0x32226cde000000000000000000000000606ec1ca1c986462c52bde7bb7f694db08c1af72,"{'function_name': 'Complete', 'inputs': (<Function Complete()>, {})}"
1862,0x9da4e695b7b4b030aa9cd687e04838d3b708598f94b32991e86efc707c571ab3,0x606Ec1CA1C986462C52bDE7Bb7F694DB08c1Af72,0xB9BD06E14B527CbC64770a89009abB30dC2Ddf66,0,0x32226cde000000000000000000000000934e8d68e0b5b49054dad167564a4e044f4adf58,"{'function_name': 'TransferResponsibility', 'inputs': (<Function TransferResponsibility(address)>, {'newCounterparty': '0x606Ec1CA1C986462C52bDE7Bb7F694DB08c1Af72'})}"
1863,0xd421d6a322ed99d60d3824a90dc367514861bbe8432257d5094401b4e245f104,0x934e8d68E0b5B49054dad167564A4E044F4aDF58,0xB9BD06E14B527CbC64770a89009abB30dC2Ddf66,0,0x32226cde0000000000000000000000000167a993b82fef5033645b2bc345325646b3fded,"{'function_name': 'TransferResponsibility', 'inputs': (<Function TransferResponsibility(address)>, {'newCounterparty': '0x934e8d68E0b5B49054dad167564A4E044F4aDF58'})}"
1864,0x31094fa268f772d856a6deba0e22717c027c6561473e0744cb27762f5bd5d4b9,0x934e8d68E0b5B49054dad167564A4E044F4aDF58,0xB9BD06E14B527CbC64770a89009abB30dC2Ddf66,0,0x01b7dcb4,"{'function_name': 'TransferResponsibility', 'inputs': (<Function TransferResponsibility(address)>, {'newCounterparty': '0x0167a993B82feF5033645b2Bc345325646B3FDEd'})}"
1865,0xf50d6c4af9ea3000824ac968c81c6ff43ea66b2740cec3ab435c40d2c434023e,0x3F8306Adf9DDa2E06Fd068CA44220756d9FDeF65,0x735691112CBe752Ca0a4532DfAf20d4547e1B174,0,0x32226cde00000000000000000000000003db6d217c76e42138a1d8125c9e06ed591e08b2,"{'function_name': 'Complete', 'inputs': (<Function Complete()>, {})}"
1866,0xd1618050f5d08235801ce2df60cf1bfab4aeeb6bff15f148459c78c7e94cfafa,0x934e8d68E0b5B49054dad167564A4E044F4aDF58,0x735691112CBe752Ca0a4532DfAf20d4547e1B174,0,0x01b7dcb4,"{'function_name': 'TransferResponsibility', 'inputs': (<Function TransferResponsibility(address)>, {'newCounterparty': '0x03Db6D217C76E42138A1d8125c9e06eD591e08b2'})}"
1867,0xed5eb2b7fd7097713ba59289dd4fdb9e52d51480f3489956778ecc30ceb4abe0,0x934e8d68E0b5B49054dad167564A4E044F4aDF58,0x55a208b454e31b892c321F4B1212bff3DAb769ac,0,0x01b7dcb4,"{'function_name': 'Complete', 'inputs': (<Function Complete()>, {})}"
1868,0x7ec803555f5d5e74b95d5f64d5554177b83352293d1f730997ce883232c0eec3,0x934e8d68E0b5B49054dad167564A4E044F4aDF58,0x87E660746987A6d71BdC7809DA8669F278e7230e,0,0x01b7dcb4,"{'function_name': 'Complete', 'inputs': (<Function Complete()>, {})}"
1869,0x959b343e0f72c855ff52635b5b2deef152a9a5d9d18f8012d7e7c591dc2b8553,0x934e8d68E0b5B49054dad167564A4E044F4aDF58,0xaF55A1EDE08dF1476902Ca37F40F66099Bc06584,0,0x01b7dcb4,"{'function_name': 'Complete', 'inputs': (<Function Complete()>, {})}"
1870,0xdf7adcdd960f7556b3095ae06432fff3961ceb921c9131c116f08bcace0d012c,0x3F8306Adf9DDa2E06Fd068CA44220756d9FDeF65,0x8b96A3b6Af86c83091f50c1B5C63ADDEB69A2678,0,0x32226cde00000000000000000000000064dfeae370c5174b3595dbb1dc04651595b7da37,"{'function_name': 'Complete', 'inputs': (<Function Complete()>, {})}"
1871,0xf7ba0fe1ae96cf44305a686ad5f033aede860741a03772f364e53c2e9a8ae4db,0x934e8d68E0b5B49054dad167564A4E044F4aDF58,0x8b96A3b6Af86c83091f50c1B5C63ADDEB69A2678,0,0x01b7dcb4,"{'function_name': 'TransferResponsibility', 'inputs': (<Function TransferResponsibility(address)>, {'newCounterparty': '0x64DFEAe370C5174B3595dBb1DC04651595b7Da37'})}"
1872,0xd25df2a82e676618229dfb16f3dc97b2a80c42036fafc64f4471877847fb918c,0x934e8d68E0b5B49054dad167564A4E044F4aDF58,0xf5A35c65Ca94a2E4Ea8965328e042Ee8665a984f,0,0x01b7dcb4,"{'function_name': 'Complete', 'inputs': (<Function Complete()>, {})}"
1873,0x5f30e9e5e77cea5fae4328cdbb2a526204b650a2651ac11c48023d51c9773883,0x3F8306Adf9DDa2E06Fd068CA44220756d9FDeF65,0x34E9eB2CF59d25bF035B3Eac4B284a40c03A22F4,0,0x32226cde0000000000000000000000003f8306adf9dda2e06fd068ca44220756d9fdef65,"{'function_name': 'Complete', 'inputs': (<Function Complete()>, {})}"
1874,0x8a4d712262c6e994dc528f3a8eac80be9eb3bae26ae009f2922d278ea72bc36f,0x934e8d68E0b5B49054dad167564A4E044F4aDF58,0x34E9eB2CF59d25bF035B3Eac4B284a40c03A22F4,0,0x01b7dcb4,"{'function_name': 'TransferResponsibility', 'inputs': (<Function TransferResponsibility(address)>, {'newCounterparty': '0x3F8306Adf9DDa2E06Fd068CA44220756d9FDeF65'})}"
1875,0x9177e305b72da003510da2dbe4211aec02ef20fe1491315a50ac5d7d2be94ca9,0x3F8306Adf9DDa2E06Fd068CA44220756d9FDeF65,0xEe07641A18DaA5918F79eA7Ded25bc3bAA235921,0,0x32226cde00000000000000000000000035fa38d6e01f98b5e9f7672b0294177388bb381e,"{'function_name': 'Complete', 'inputs': (<Function Complete()>, {})}"
1876,0x3c9c42901f9ca3d3a057bb05350fa7dcd0d19ffe12b5ef0411eca6033c094e7f,0x35fA38D6e01F98B5e9f7672b0294177388BB381e,0xEe07641A18DaA5918F79eA7Ded25bc3bAA235921,0,0x32226cde00000000000000000000000064dfeae370c5174b3595dbb1dc04651595b7da37,"{'function_name': 'TransferResponsibility', 'inputs': (<Function TransferResponsibility(address)>, {'newCounterparty': '0x35fA38D6e01F98B5e9f7672b0294177388BB381e'})}"
1877,0x3ecb54599e25691688ec62e47f7eb83d8e1d5bea127c24ee0475d1eb98292836,0x934e8d68E0b5B49054dad167564A4E044F4aDF58,0xEe07641A18DaA5918F79eA7Ded25bc3bAA235921,0,0x01b7dcb4,"{'function_name': 'TransferResponsibility', 'inputs': (<Function TransferResponsibility(address)>, {'newCounterparty': '0x64DFEAe370C5174B3595dBb1DC04651595b7Da37'})}"
1878,0x8ac7fdcfd4121d786e1fa39bda22fe99f1792636b18404d29646e01cf97765a6,0x934e8d68E0b5B49054dad167564A4E044F4aDF58,0xfE155fDbBAc9C0D1De7Cbf252D116e6aA3bCc4E7,0,0x01b7dcb4,"{'function_name': 'Complete', 'inputs': (<Function Complete()>, {})}"
1879,0x21afe9b2722da5158fac483052bcd3554c12fb5605c71c9aa9fb454fefe4f299,0x3F8306Adf9DDa2E06Fd068CA44220756d9FDeF65,0x0B514404E6B643FcBf27598998248d171BcaE4A9,0,0x32226cde00000000000000000000000003db6d217c76e42138a1d8125c9e06ed591e08b2,"{'function_name': 'Complete', 'inputs': (<Function Complete()>, {})}"
1880,0x16751a5eed8a647c16c59e2b58674a6cbd289a939ce590ea81609a20237bf1ca,0x934e8d68E0b5B49054dad167564A4E044F4aDF58,0x0B514404E6B643FcBf27598998248d171BcaE4A9,0,0x01b7dcb4,"{'function_name': 'TransferResponsibility', 'inputs': (<Function TransferResponsibility(address)>, {'newCounterparty': '0x03Db6D217C76E42138A1d8125c9e06eD591e08b2'})}"
1881,0x7e1d6fafa360a5c43d27cb12316e1d5f5c6d8a5e4f7b16bc467980ae6ab1fd0f,0x934e8d68E0b5B49054dad167564A4E044F4aDF58,0xed6b3e73D8c2B255FA93729c4f7e36da5A28a92f,0,0x01b7dcb4,"{'function_name': 'Complete', 'inputs': (<Function Complete()>, {})}"
1882,0xfc14ac09de8b061cd548db6adf8680853fa40caa36cf954ee3e333b802719e4d,0x3F8306Adf9DDa2E06Fd068CA44220756d9FDeF65,0x1c868fa355a1eadBcD28408af6E708eC4fe5f477,0,0x32226cde00000000000000000000000064dfeae370c5174b3595dbb1dc04651595b7da37,"{'function_name': 'Complete', 'inputs': (<Function Complete()>, {})}"
1883,0xe21c6b3ec7b464f48f1ae9ad7c59802c54bcb08c5848a31a5130789d60bddd7f,0x64DFEAe370C5174B3595dBb1DC04651595b7Da37,0x1c868fa355a1eadBcD28408af6E708eC4fe5f477,0,0x32226cde00000000000000000000000003db6d217c76e42138a1d8125c9e06ed591e08b2,"{'function_name': 'TransferResponsibility', 'inputs': (<Function TransferResponsibility(address)>, {'newCounterparty': '0x64DFEAe370C5174B3595dBb1DC04651595b7Da37'})}"
1884,0x3a16209e1dc80ce3ae321b37d5a314bf5451a1cb9fc35fe8f8c312777139c64b,0x03Db6D217C76E42138A1d8125c9e06eD591e08b2,0x1c868fa355a1eadBcD28408af6E708eC4fe5f477,0,0x32226cde00000000000000000000000035fa38d6e01f98b5e9f7672b0294177388bb381e,"{'function_name': 'TransferResponsibility', 'inputs': (<Function TransferResponsibility(address)>, {'newCounterparty': '0x03Db6D217C76E42138A1d8125c9e06eD591e08b2'})}"
1885,0x7466e49e8a8900405f8b4637ff8ff79dc5d714e57d810821bb0c9f7a8b209bd8,0x35fA38D6e01F98B5e9f7672b0294177388BB381e,0x1c868fa355a1eadBcD28408af6E708eC4fe5f477,0,0x32226cde000000000000000000000000666474a318918123e27b9d6f1283528c88f97827,"{'function_name': 'TransferResponsibility', 'inputs': (<Function TransferResponsibility(address)>, {'newCounterparty': '0x35fA38D6e01F98B5e9f7672b0294177388BB381e'})}"
1886,0x97e93ea943c101ae92a62a5723de2e571707a8895aea85edf41617b237ae93d7,0x666474a318918123e27b9d6f1283528C88f97827,0x1c868fa355a1eadBcD28408af6E708eC4fe5f477,0,0x32226cde0000000000000000000000007a4f14dcf116ddfaeb08e9e3e4615937fdd24621,"{'function_name': 'TransferResponsibility', 'inputs': (<Function TransferResponsibility(address)>, {'newCounterparty': '0x666474a318918123e27b9d6f1283528C88f97827'})}"
1887,0x06882736cb353a824b3f5ab047ca2ff7574144d66e3eb4a36149d189099f7277,0x7A4f14dcF116DDFAeB08E9E3E4615937FDd24621,0x1c868fa355a1eadBcD28408af6E708eC4fe5f477,0,0x32226cde000000000000000000000000934e8d68e0b5b49054dad167564a4e044f4adf58,"{'function_name': 'TransferResponsibility', 'inputs': (<Function TransferResponsibility(address)>, {'newCounterparty': '0x7A4f14dcF116DDFAeB08E9E3E4615937FDd24621'})}"
1888,0x3b50b792a921cb969a53b6cb52a729622365643172c26f21d33fac7c8aa0acff,0x934e8d68E0b5B49054dad167564A4E044F4aDF58,0x1c868fa355a1eadBcD28408af6E708eC4fe5f477,0,0x01b7dcb4,"{'function_name': 'TransferResponsibility', 'inputs': (<Function TransferResponsibility(address)>, {'newCounterparty': '0x934e8d68E0b5B49054dad167564A4E044F4aDF58'})}"
1889,0xb75b0e8eb19beac38f06022fcbcdbc889f2dc6e3a90beb63189d4ed1f317b282,0x934e8d68E0b5B49054dad167564A4E044F4aDF58,0x806e272Fd394D85a4dC5E9620006D3AA763ad2cD,0,0x01b7dcb4,"{'function_name': 'Complete', 'inputs': (<Function Complete()>, {})}"
1890,0xdf886ea7b4445b0af6f7e3d70dd51056ed5c2009165e17983d0beeeaa6d119dc,0x3F8306Adf9DDa2E06Fd068CA44220756d9FDeF65,0x3AE20e3CF5378013Fc8237A51C22CDf16968DF78,0,0x32226cde00000000000000000000000064dfeae370c5174b3595dbb1dc04651595b7da37,"{'function_name': 'Complete', 'inputs': (<Function Complete()>, {})}"
1891,0x0e6e5f1a2d42fd11ff1473d59f5f75b013bd148e0f298850fe8f40fe12748c68,0x64DFEAe370C5174B3595dBb1DC04651595b7Da37,0x3AE20e3CF5378013Fc8237A51C22CDf16968DF78,0,0x32226cde0000000000000000000000007a4f14dcf116ddfaeb08e9e3e4615937fdd24621,"{'function_name': 'TransferResponsibility', 'inputs': (<Function TransferResponsibility(address)>, {'newCounterparty': '0x64DFEAe370C5174B3595dBb1DC04651595b7Da37'})}"
1892,0x7c63db8bf0197b63e03b251e05d71729a3007c1f9f1d448e1466ebaa191535c6,0x934e8d68E0b5B49054dad167564A4E044F4aDF58,0x3AE20e3CF5378013Fc8237A51C22CDf16968DF78,0,0x01b7dcb4,"{'function_name': 'TransferResponsibility', 'inputs': (<Function TransferResponsibility(address)>, {'newCounterparty': '0x7A4f14dcF116DDFAeB08E9E3E4615937FDd24621'})}"
1893,0xb390b7e7e95406268d4acb9dac06a11582a05199af8f1665ac5ed2d2b0a3ace6,0x934e8d68E0b5B49054dad167564A4E044F4aDF58,0x1350792230B75AA5252747898678B8f50FB0503e,0,0x01b7dcb4,"{'function_name': 'Complete', 'inputs': (<Function Complete()>, {})}"
1894,0x7f8aa6a031c75b92c30e1e44190df9f4365c35ad18a65275c3d3ec25d8a77042,0x3F8306Adf9DDa2E06Fd068CA44220756d9FDeF65,0x664A6b17B0680E5647C27dD24f4FA8f7BEe4E861,0,0x32226cde000000000000000000000000934e8d68e0b5b49054dad167564a4e044f4adf58,"{'function_name': 'Complete', 'inputs': (<Function Complete()>, {})}"
1895,0x6696d827d4f89c06be4c8815c78dfdb9303efa1f7061cb5d86dad08fdb85d989,0x934e8d68E0b5B49054dad167564A4E044F4aDF58,0x664A6b17B0680E5647C27dD24f4FA8f7BEe4E861,0,0x01b7dcb4,"{'function_name': 'TransferResponsibility', 'inputs': (<Function TransferResponsibility(address)>, {'newCounterparty': '0x934e8d68E0b5B49054dad167564A4E044F4aDF58'})}"
1896,0x530be23c18b67fa5eb7d6da7fcc82321cf9a9733bbbfc23f9b5571cfc198caf8,0x934e8d68E0b5B49054dad167564A4E044F4aDF58,0x18cfE31033277abFDA93C6B5a744Eb9845073F4E,0,0x01b7dcb4,"{'function_name': 'Complete', 'inputs': (<Function Complete()>, {})}"
1897,0xaec9f63941bebe5b16880ecd0ac5bc1ae054988d0c631e65e63de425dd9ef80d,0x934e8d68E0b5B49054dad167564A4E044F4aDF58,0xAD0390B933deb88A9D0d8A1baDB585B18940Ab30,0,0x01b7dcb4,"{'function_name': 'Complete', 'inputs': (<Function Complete()>, {})}"
1898,0x06f7b2036542779b43d18098a239ea10531a5fd30f735664c4d783b4158b257c,0x934e8d68E0b5B49054dad167564A4E044F4aDF58,0x95B97B62436E897Ae4d043cD270359cee96Acf65,0,0x01b7dcb4,"{'function_name': 'Complete', 'inputs': (<Function Complete()>, {})}"
1899,0x07c48f3951ea2b7d3d8656fcb7754d44671a53ec8293296f288d52c1c20379d6,0x934e8d68E0b5B49054dad167564A4E044F4aDF58,0x3Cc9a7760029743bc308C377009f59F83532788c,0,0x01b7dcb4,"{'function_name': 'Complete', 'inputs': (<Function Complete()>, {})}"
1900,0xed11210674d24bf75c0bbc6b83fd75317fa7f37bf1465cacbbbb2c81c4538b4b,0x934e8d68E0b5B49054dad167564A4E044F4aDF58,0x5242d274F730F6712E3673d015Ddf7501eE20850,0,0x01b7dcb4,"{'function_name': 'Complete', 'inputs': (<Function Complete()>, {})}"
1901,0xf96352e8bd3398c49e3f459c0bec1cc1e39d2ab4e467435b6221d062ac670959,0x3F8306Adf9DDa2E06Fd068CA44220756d9FDeF65,0x16eFf94312B4ce174EACED9ae49d42D4EeAD98dF,0,0x32226cde000000000000000000000000606ec1ca1c986462c52bde7bb7f694db08c1af72,"{'function_name': 'Complete', 'inputs': (<Function Complete()>, {})}"
1902,0x148292d9e949232fce966b9574aa9f3114966fd091a71dc6d985f72b0a9b0794,0x606Ec1CA1C986462C52bDE7Bb7F694DB08c1Af72,0x16eFf94312B4ce174EACED9ae49d42D4EeAD98dF,0,0x32226cde00000000000000000000000064dfeae370c5174b3595dbb1dc04651595b7da37,"{'function_name': 'TransferResponsibility', 'inputs': (<Function TransferResponsibility(address)>, {'newCounterparty': '0x606Ec1CA1C986462C52bDE7Bb7F694DB08c1Af72'})}"
1903,0x60c7703ec35fda781a158bef02966052e96184ecf999cebc6617c661dec6e7b1,0x64DFEAe370C5174B3595dBb1DC04651595b7Da37,0x16eFf94312B4ce174EACED9ae49d42D4EeAD98dF,0,0x32226cde00000000000000000000000003db6d217c76e42138a1d8125c9e06ed591e08b2,"{'function_name': 'TransferResponsibility', 'inputs': (<Function TransferResponsibility(address)>, {'newCounterparty': '0x64DFEAe370C5174B3595dBb1DC04651595b7Da37'})}"
1904,0xc8fe3c0be74ebef8760cbd2f4546fdf014eb0af138e4b6d0ea20b3553bec9aee,0x03Db6D217C76E42138A1d8125c9e06eD591e08b2,0x16eFf94312B4ce174EACED9ae49d42D4EeAD98dF,0,0x32226cde0000000000000000000000007a4f14dcf116ddfaeb08e9e3e4615937fdd24621,"{'function_name': 'TransferResponsibility', 'inputs': (<Function TransferResponsibility(address)>, {'newCounterparty': '0x03Db6D217C76E42138A1d8125c9e06eD591e08b2'})}"
1905,0x995dfd22e2d4d02dbf6a531fda27f13ed48b55e5520f1a1ec871dceeafb0de2b,0x7A4f14dcF116DDFAeB08E9E3E4615937FDd24621,0x16eFf94312B4ce174EACED9ae49d42D4EeAD98dF,0,0x32226cde000000000000000000000000606ec1ca1c986462c52bde7bb7f694db08c1af72,"{'function_name': 'TransferResponsibility', 'inputs': (<Function TransferResponsibility(address)>, {'newCounterparty': '0x7A4f14dcF116DDFAeB08E9E3E4615937FDd24621'})}"
1906,0x017cbbf140f0a1021d91fd30a108858297eb1a0292fac99043d4b33ca85a2fc2,0x934e8d68E0b5B49054dad167564A4E044F4aDF58,0x16eFf94312B4ce174EACED9ae49d42D4EeAD98dF,0,0x01b7dcb4,"{'function_name': 'TransferResponsibility', 'inputs': (<Function TransferResponsibility(address)>, {'newCounterparty': '0x606Ec1CA1C986462C52bDE7Bb7F694DB08c1Af72'})}"
1907,0x130619c85ab172ec802cf84c2bb89f77f94282df7ccb37b0e4440e5fb818c3ef,0x3F8306Adf9DDa2E06Fd068CA44220756d9FDeF65,0x3081Cc627417380354602602691Af4EFBd2f8ed8,0,0x32226cde00000000000000000000000064dfeae370c5174b3595dbb1dc04651595b7da37,"{'function_name': 'Complete', 'inputs': (<Function Complete()>, {})}"
1908,0x2180de579a130a2fac02be395e62ce0123c1309245e6501ca6853e84693fd01f,0x934e8d68E0b5B49054dad167564A4E044F4aDF58,0x3081Cc627417380354602602691Af4EFBd2f8ed8,0,0x01b7dcb4,"{'function_name': 'TransferResponsibility', 'inputs': (<Function TransferResponsibility(address)>, {'newCounterparty': '0x64DFEAe370C5174B3595dBb1DC04651595b7Da37'})}"
1909,0x75b3eefb9037086d2f498157e56bf1227de2b623cc5e0170fb04629aa0d6d40a,0x934e8d68E0b5B49054dad167564A4E044F4aDF58,0x09F337dA7B2e94EaB2C423C74c5315B48309754b,0,0x01b7dcb4,"{'function_name': 'Complete', 'inputs': (<Function Complete()>, {})}"
1910,0xcf772c90416fbb040ce84e62c31a82cf997f5882e1f747338bf765ebc408b583,0x3F8306Adf9DDa2E06Fd068CA44220756d9FDeF65,0x4192851E72110A1295Ef76F41154f009C577Ac8A,0,0x32226cde000000000000000000000000606ec1ca1c986462c52bde7bb7f694db08c1af72,"{'function_name': 'Complete', 'inputs': (<Function Complete()>, {})}"
1911,0xaeb5d4aa72ccc23e6e139174d4b99aec82835e11209035ce07934503ef04b362,0x606Ec1CA1C986462C52bDE7Bb7F694DB08c1Af72,0x4192851E72110A1295Ef76F41154f009C577Ac8A,0,0x32226cde000000000000000000000000606ec1ca1c986462c52bde7bb7f694db08c1af72,"{'function_name': 'TransferResponsibility', 'inputs': (<Function TransferResponsibility(address)>, {'newCounterparty': '0x606Ec1CA1C986462C52bDE7Bb7F694DB08c1Af72'})}"
1912,0xb688f9d94d6a042daaa1862f0b516b8b84b70753b6cfe0a98d143a1a09deba07,0x606Ec1CA1C986462C52bDE7Bb7F694DB08c1Af72,0x4192851E72110A1295Ef76F41154f009C577Ac8A,0,0x32226cde000000000000000000000000606ec1ca1c986462c52bde7bb7f694db08c1af72,"{'function_name': 'TransferResponsibility', 'inputs': (<Function TransferResponsibility(address)>, {'newCounterparty': '0x606Ec1CA1C986462C52bDE7Bb7F694DB08c1Af72'})}"
1913,0x653d14d12d93e88ae04d8b61f5d8118c260aaf545910c5814f1a0702214ceb2d,0x606Ec1CA1C986462C52bDE7Bb7F694DB08c1Af72,0x4192851E72110A1295Ef76F41154f009C577Ac8A,0,0x32226cde00000000000000000000000003db6d217c76e42138a1d8125c9e06ed591e08b2,"{'function_name': 'TransferResponsibility', 'inputs': (<Function TransferResponsibility(address)>, {'newCounterparty': '0x606Ec1CA1C986462C52bDE7Bb7F694DB08c1Af72'})}"
1914,0x581008d42004bf31c4d0fe0cb41bed235851302531c23890718dc42fda683d55,0x934e8d68E0b5B49054dad167564A4E044F4aDF58,0x4192851E72110A1295Ef76F41154f009C577Ac8A,0,0x01b7dcb4,"{'function_name': 'TransferResponsibility', 'inputs': (<Function TransferResponsibility(address)>, {'newCounterparty': '0x03Db6D217C76E42138A1d8125c9e06eD591e08b2'})}"
1915,0xcb859d12f39178043571a9ef82a04fea034932afe7ac9517a252e4e88ad0bb37,0x934e8d68E0b5B49054dad167564A4E044F4aDF58,0xBce7E78A31DeC9dA8e9b561bB78286Ea5bc4E6e4,0,0x01b7dcb4,"{'function_name': 'Complete', 'inputs': (<Function Complete()>, {})}"
1916,0x30a6ce9609c7f4ccd40a9113ec3656b015ffe55aebf5d2cb0b306d086cfdb378,0x934e8d68E0b5B49054dad167564A4E044F4aDF58,0x8C7eeF1BA0805B7DF50b0C8eB342251e571EE8f6,0,0x01b7dcb4,"{'function_name': 'Complete', 'inputs': (<Function Complete()>, {})}"
1917,0x760d06246b56501d4d319c697f5b640f2e9b2f6ffe3a3d8ea7f3eefd22ed63f8,0x934e8d68E0b5B49054dad167564A4E044F4aDF58,0xA03997ffF1751967296ED5e27F809eaEB5415359,0,0x01b7dcb4,"{'function_name': 'Complete', 'inputs': (<Function Complete()>, {})}"
1918,0x34aa3cd8f13fe64fde21873a29fb22bb9e43fd23e8041b6b9e030a9259c3bcba,0x934e8d68E0b5B49054dad167564A4E044F4aDF58,0x6d8D7493de5C5F373D64E75f4A7E8cC8Fb7FACc8,0,0x01b7dcb4,"{'function_name': 'Complete', 'inputs': (<Function Complete()>, {})}"
1919,0x6a897b84f336dbf4a3528174eb59ac16d40e67fa66940a1f29b47427168dc837,0x3F8306Adf9DDa2E06Fd068CA44220756d9FDeF65,0xB8E2CC0cdc54B011B7cbE0D139CcE3Eea0D77918,0,0x32226cde00000000000000000000000003db6d217c76e42138a1d8125c9e06ed591e08b2,"{'function_name': 'Complete', 'inputs': (<Function Complete()>, {})}"
1920,0x744d45991cee8729d14a816e7876d212896ada41ac97a66002bc82b69facd8e5,0x934e8d68E0b5B49054dad167564A4E044F4aDF58,0xB8E2CC0cdc54B011B7cbE0D139CcE3Eea0D77918,0,0x01b7dcb4,"{'function_name': 'TransferResponsibility', 'inputs': (<Function TransferResponsibility(address)>, {'newCounterparty': '0x03Db6D217C76E42138A1d8125c9e06eD591e08b2'})}"
1921,0x6dae9ed3539c81962fe38e7a5894204e773a3d24644b5bae28ed5cac97a52ea2,0x3F8306Adf9DDa2E06Fd068CA44220756d9FDeF65,0x14d4C640de492c7A335A27da5D2d772beaC23925,0,0x32226cde0000000000000000000000007a4f14dcf116ddfaeb08e9e3e4615937fdd24621,"{'function_name': 'Complete', 'inputs': (<Function Complete()>, {})}"
1922,0x2ce36d30993dce234e0521e5663ec719f0b50f155f5a6be2a067838b67c88eeb,0x7A4f14dcF116DDFAeB08E9E3E4615937FDd24621,0x14d4C640de492c7A335A27da5D2d772beaC23925,0,0x32226cde00000000000000000000000064dfeae370c5174b3595dbb1dc04651595b7da37,"{'function_name': 'TransferResponsibility', 'inputs': (<Function TransferResponsibility(address)>, {'newCounterparty': '0x7A4f14dcF116DDFAeB08E9E3E4615937FDd24621'})}"
1923,0x03ee0bc5e4a7a3aec142a9eba2a6f82bb9d92be257d2c5082358b4ff8bc570d9,0x934e8d68E0b5B49054dad167564A4E044F4aDF58,0x14d4C640de492c7A335A27da5D2d772beaC23925,0,0x01b7dcb4,"{'function_name': 'TransferResponsibility', 'inputs': (<Function TransferResponsibility(address)>, {'newCounterparty': '0x64DFEAe370C5174B3595dBb1DC04651595b7Da37'})}"
1924,0x825401ea93a05bcf45f81c720108d988b06ddac082e6da2c755339b305fb0099,0x3F8306Adf9DDa2E06Fd068CA44220756d9FDeF65,0x0B5a4AE3b917C60ad725698Ceb54594D0B41178f,0,0x32226cde000000000000000000000000606ec1ca1c986462c52bde7bb7f694db08c1af72,"{'function_name': 'Complete', 'inputs': (<Function Complete()>, {})}"
1925,0x847299d3c60001ead21dd35aafd69871798c2ee955703d7cefea57be74c5fe74,0x606Ec1CA1C986462C52bDE7Bb7F694DB08c1Af72,0x0B5a4AE3b917C60ad725698Ceb54594D0B41178f,0,0x32226cde00000000000000000000000064dfeae370c5174b3595dbb1dc04651595b7da37,"{'function_name': 'TransferResponsibility', 'inputs': (<Function TransferResponsibility(address)>, {'newCounterparty': '0x606Ec1CA1C986462C52bDE7Bb7F694DB08c1Af72'})}"
1926,0x4de84744357275b53cd69dcc5545f07d6fb7f1664f5ad9697f9cb30447560ddc,0x64DFEAe370C5174B3595dBb1DC04651595b7Da37,0x0B5a4AE3b917C60ad725698Ceb54594D0B41178f,0,0x32226cde000000000000000000000000606ec1ca1c986462c52bde7bb7f694db08c1af72,"{'function_name': 'TransferResponsibility', 'inputs': (<Function TransferResponsibility(address)>, {'newCounterparty': '0x64DFEAe370C5174B3595dBb1DC04651595b7Da37'})}"
1927,0x2bd280cd8dfdf93415a44b96bc14eeabeac50390cf814c7e51978967630d9ab9,0x606Ec1CA1C986462C52bDE7Bb7F694DB08c1Af72,0x0B5a4AE3b917C60ad725698Ceb54594D0B41178f,0,0x32226cde0000000000000000000000003f8306adf9dda2e06fd068ca44220756d9fdef65,"{'function_name': 'TransferResponsibility', 'inputs': (<Function TransferResponsibility(address)>, {'newCounterparty': '0x606Ec1CA1C986462C52bDE7Bb7F694DB08c1Af72'})}"
1928,0x4a0f6aabe53f238faa513b49f13a49b5a78cc334fbf0e6229cdead9b163aa04f,0x934e8d68E0b5B49054dad167564A4E044F4aDF58,0x0B5a4AE3b917C60ad725698Ceb54594D0B41178f,0,0x01b7dcb4,"{'function_name': 'TransferResponsibility', 'inputs': (<Function TransferResponsibility(address)>, {'newCounterparty': '0x3F8306Adf9DDa2E06Fd068CA44220756d9FDeF65'})}"
1929,0x840c7ff880143b75ea6e869976ae911a6bd5f45d31d319da1c7b035fe6c28cf5,0x3F8306Adf9DDa2E06Fd068CA44220756d9FDeF65,0x1DB51dc6872f8d29e90387E28A8dFc2809d62E4C,0,0x32226cde00000000000000000000000035fa38d6e01f98b5e9f7672b0294177388bb381e,"{'function_name': 'Complete', 'inputs': (<Function Complete()>, {})}"
1930,0x286d0aabced5db337b9b3d9bd1accf87d9c5af01fceeb921ac69d34f455ff57e,0x35fA38D6e01F98B5e9f7672b0294177388BB381e,0x1DB51dc6872f8d29e90387E28A8dFc2809d62E4C,0,0x32226cde000000000000000000000000666474a318918123e27b9d6f1283528c88f97827,"{'function_name': 'TransferResponsibility', 'inputs': (<Function TransferResponsibility(address)>, {'newCounterparty': '0x35fA38D6e01F98B5e9f7672b0294177388BB381e'})}"
1931,0xf23caec955f9de057f8d211f1f7974ead4061659a015981a662ffdd9be558361,0x934e8d68E0b5B49054dad167564A4E044F4aDF58,0x1DB51dc6872f8d29e90387E28A8dFc2809d62E4C,0,0x01b7dcb4,"{'function_name': 'TransferResponsibility', 'inputs': (<Function TransferResponsibility(address)>, {'newCounterparty': '0x666474a318918123e27b9d6f1283528C88f97827'})}"
1932,0x4f76174587c7f7b06016890faf0ded612684b6cadd1c2117b8149f3a8572a695,0x3F8306Adf9DDa2E06Fd068CA44220756d9FDeF65,0xeeFB17cc2b316dD80B6c170ECe77b150BE5686eb,0,0x32226cde00000000000000000000000020e646ca24a51e324ad07644245a07feed0426c2,"{'function_name': 'Complete', 'inputs': (<Function Complete()>, {})}"
1933,0x93afe2a7a4f80a4cae3153f4c2e1c8852d131c2ad9c1f7fa3a2246f389150a0e,0x934e8d68E0b5B49054dad167564A4E044F4aDF58,0xeeFB17cc2b316dD80B6c170ECe77b150BE5686eb,0,0x01b7dcb4,"{'function_name': 'TransferResponsibility', 'inputs': (<Function TransferResponsibility(address)>, {'newCounterparty': '0x20E646cA24A51E324aD07644245a07fEed0426C2'})}"
1934,0x2f8f57a9f4de48bc0b415dafb44d2d506bff1ccc575755f0625dc1cd40ea743b,0x934e8d68E0b5B49054dad167564A4E044F4aDF58,0x96751D17EF7c705826064D1338F4B99633d549bB,0,0x01b7dcb4,"{'function_name': 'Complete', 'inputs': (<Function Complete()>, {})}"
1935,0xb27a6ea88193390c6baa84f571c8d7a725d28e80dc2f16ce82291450b245f15d,0x3F8306Adf9DDa2E06Fd068CA44220756d9FDeF65,0xdebAf78822CC414B26cE0445232AD5d84A545D6F,0,0x32226cde0000000000000000000000000167a993b82fef5033645b2bc345325646b3fded,"{'function_name': 'Complete', 'inputs': (<Function Complete()>, {})}"
1936,0x90e0e579c79b32320934e30831062920535d2ac7f452b2483c82ebd886f53640,0x0167a993B82feF5033645b2Bc345325646B3FDEd,0xdebAf78822CC414B26cE0445232AD5d84A545D6F,0,0x32226cde00000000000000000000000003db6d217c76e42138a1d8125c9e06ed591e08b2,"{'function_name': 'TransferResponsibility', 'inputs': (<Function TransferResponsibility(address)>, {'newCounterparty': '0x0167a993B82feF5033645b2Bc345325646B3FDEd'})}"
1937,0x3b436ca8e69918aaf7d9d0f526351c48db4c55102a455128f618a2f6704b0a00,0x934e8d68E0b5B49054dad167564A4E044F4aDF58,0xdebAf78822CC414B26cE0445232AD5d84A545D6F,0,0x01b7dcb4,"{'function_name': 'TransferResponsibility', 'inputs': (<Function TransferResponsibility(address)>, {'newCounterparty': '0x03Db6D217C76E42138A1d8125c9e06eD591e08b2'})}"
1938,0x78a256fef59023850403dd7d98d5a65e9bbcd82b5aa97d1bbf40ceead56c94c0,0x3F8306Adf9DDa2E06Fd068CA44220756d9FDeF65,0xA85Db872Fd9Fb6802d8fc0713b072257cbd77ED4,0,0x32226cde00000000000000000000000003db6d217c76e42138a1d8125c9e06ed591e08b2,"{'function_name': 'Complete', 'inputs': (<Function Complete()>, {})}"
1939,0x0cc4ad9303fca0c49201d30fa8764c3f0beaaed1ea4be754e63c7a2fac2b1d37,0x03Db6D217C76E42138A1d8125c9e06eD591e08b2,0xA85Db872Fd9Fb6802d8fc0713b072257cbd77ED4,0,0x32226cde0000000000000000000000007a4f14dcf116ddfaeb08e9e3e4615937fdd24621,"{'function_name': 'TransferResponsibility', 'inputs': (<Function TransferResponsibility(address)>, {'newCounterparty': '0x03Db6D217C76E42138A1d8125c9e06eD591e08b2'})}"
1940,0x5634f006f82e5bf962585575910dc3d059cd344fda2f4489979f8a9c579bedbc,0x7A4f14dcF116DDFAeB08E9E3E4615937FDd24621,0xA85Db872Fd9Fb6802d8fc0713b072257cbd77ED4,0,0x32226cde00000000000000000000000035fa38d6e01f98b5e9f7672b0294177388bb381e,"{'function_name': 'TransferResponsibility', 'inputs': (<Function TransferResponsibility(address)>, {'newCounterparty': '0x7A4f14dcF116DDFAeB08E9E3E4615937FDd24621'})}"
1941,0x7d02ccc70cbf062faa5f9c3396a613482521d69b5bd0e9e854d3d0008f42b2a9,0x35fA38D6e01F98B5e9f7672b0294177388BB381e,0xA85Db872Fd9Fb6802d8fc0713b072257cbd77ED4,0,0x32226cde000000000000000000000000606ec1ca1c986462c52bde7bb7f694db08c1af72,"{'function_name': 'TransferResponsibility', 'inputs': (<Function TransferResponsibility(address)>, {'newCounterparty': '0x35fA38D6e01F98B5e9f7672b0294177388BB381e'})}"
1942,0x8cf9335fda2df66d8efb2aad46a5666d56baa8e28033a9b46082ac856b7f8fa0,0x934e8d68E0b5B49054dad167564A4E044F4aDF58,0xA85Db872Fd9Fb6802d8fc0713b072257cbd77ED4,0,0x01b7dcb4,"{'function_name': 'TransferResponsibility', 'inputs': (<Function TransferResponsibility(address)>, {'newCounterparty': '0x606Ec1CA1C986462C52bDE7Bb7F694DB08c1Af72'})}"
1943,0x3df1c709b63d8aa3a3dadf83815853f13f0bddb3479475d9d93af7363ff8891c,0x3F8306Adf9DDa2E06Fd068CA44220756d9FDeF65,0xe513F25219e71f12F99256bB4AE828D06fcd5baA,0,0x32226cde00000000000000000000000003db6d217c76e42138a1d8125c9e06ed591e08b2,"{'function_name': 'Complete', 'inputs': (<Function Complete()>, {})}"
1944,0x72796b10243f11d297c8355ba40d8389810e20c63688bc62ed70cda617c87f03,0x03Db6D217C76E42138A1d8125c9e06eD591e08b2,0xe513F25219e71f12F99256bB4AE828D06fcd5baA,0,0x32226cde000000000000000000000000934e8d68e0b5b49054dad167564a4e044f4adf58,"{'function_name': 'TransferResponsibility', 'inputs': (<Function TransferResponsibility(address)>, {'newCounterparty': '0x03Db6D217C76E42138A1d8125c9e06eD591e08b2'})}"
1945,0x593039e256788e3df6d5d827071230ec6bf0ef249fe5367c05c8ba13f310dc36,0x934e8d68E0b5B49054dad167564A4E044F4aDF58,0xe513F25219e71f12F99256bB4AE828D06fcd5baA,0,0x32226cde00000000000000000000000003db6d217c76e42138a1d8125c9e06ed591e08b2,"{'function_name': 'TransferResponsibility', 'inputs': (<Function TransferResponsibility(address)>, {'newCounterparty': '0x934e8d68E0b5B49054dad167564A4E044F4aDF58'})}"
1946,0xf6248ba1969862266294d8f5b949c87fa5b77f4c96c18eb342ab83ec127a2478,0x934e8d68E0b5B49054dad167564A4E044F4aDF58,0xe513F25219e71f12F99256bB4AE828D06fcd5baA,0,0x01b7dcb4,"{'function_name': 'TransferResponsibility', 'inputs': (<Function TransferResponsibility(address)>, {'newCounterparty': '0x03Db6D217C76E42138A1d8125c9e06eD591e08b2'})}"
1947,0x0cf768c0c052e25b9b66c9998cf382a02d1a9ca525ecc61d1bce52df36428add,0x3F8306Adf9DDa2E06Fd068CA44220756d9FDeF65,0x4EAde1b6ef8AB6cDD3081fe0B141a3D59C4aC1b5,0,0x32226cde000000000000000000000000606ec1ca1c986462c52bde7bb7f694db08c1af72,"{'function_name': 'Complete', 'inputs': (<Function Complete()>, {})}"
1948,0xecb4594e72869a5b03b768c9ce714a9dc67e73b6ad1ccf3c52e59e40f2a7d7c3,0x606Ec1CA1C986462C52bDE7Bb7F694DB08c1Af72,0x4EAde1b6ef8AB6cDD3081fe0B141a3D59C4aC1b5,0,0x32226cde00000000000000000000000003db6d217c76e42138a1d8125c9e06ed591e08b2,"{'function_name': 'TransferResponsibility', 'inputs': (<Function TransferResponsibility(address)>, {'newCounterparty': '0x606Ec1CA1C986462C52bDE7Bb7F694DB08c1Af72'})}"
1949,0x9b31a567213db8fc6783aac107f59be89d486a5c1a1ae5c7b93ac3ded0b4f9e7,0x934e8d68E0b5B49054dad167564A4E044F4aDF58,0x4EAde1b6ef8AB6cDD3081fe0B141a3D59C4aC1b5,0,0x01b7dcb4,"{'function_name': 'TransferResponsibility', 'inputs': (<Function TransferResponsibility(address)>, {'newCounterparty': '0x03Db6D217C76E42138A1d8125c9e06eD591e08b2'})}"
1950,0x9d80a604505bb3a416d20d96b451721eb13b6b44b9870df34b2ae4fd4dee1424,0x934e8d68E0b5B49054dad167564A4E044F4aDF58,0x846D77A4486a7eaa48B4589b3639c12b47030882,0,0x01b7dcb4,"{'function_name': 'Complete', 'inputs': (<Function Complete()>, {})}"
1951,0x4d68088fdcd1f5eb3b6fd50549bf5a9ec5089182ef24f14a38924a0848b4947c,0x3F8306Adf9DDa2E06Fd068CA44220756d9FDeF65,0x576059e4cE1870bE915F6Ac5850a200506f65AA5,0,0x32226cde000000000000000000000000934e8d68e0b5b49054dad167564a4e044f4adf58,"{'function_name': 'Complete', 'inputs': (<Function Complete()>, {})}"
1952,0x3d5cc49caf1464b5fb038e0003961ee9087d56ae94a857b480e48c2baa6fb434,0x934e8d68E0b5B49054dad167564A4E044F4aDF58,0x576059e4cE1870bE915F6Ac5850a200506f65AA5,0,0x01b7dcb4,"{'function_name': 'TransferResponsibility', 'inputs': (<Function TransferResponsibility(address)>, {'newCounterparty': '0x934e8d68E0b5B49054dad167564A4E044F4aDF58'})}"
1953,0xa71e98bda2f63a714c794ff11ee9618ee668a946be690a6a6471ca8f902705a1,0x934e8d68E0b5B49054dad167564A4E044F4aDF58,0x54a44aF1Ac7D86d0E9F745Aaf8E1b2240A0531D6,0,0x01b7dcb4,"{'function_name': 'Complete', 'inputs': (<Function Complete()>, {})}"
1954,0xda5f6d77a0675b5b626fc050b702db9a2e3a023121f3867a6c410e1e35ed0b3b,0x3F8306Adf9DDa2E06Fd068CA44220756d9FDeF65,0x385DbF6A7c18cD029B462AD51A11b2F772546C68,0,0x32226cde000000000000000000000000606ec1ca1c986462c52bde7bb7f694db08c1af72,"{'function_name': 'Complete', 'inputs': (<Function Complete()>, {})}"
1955,0xb8db45d6d718ca4852f4924f8aa0d8472f58023f8ff1917c07c746bf4d89180b,0x934e8d68E0b5B49054dad167564A4E044F4aDF58,0x385DbF6A7c18cD029B462AD51A11b2F772546C68,0,0x01b7dcb4,"{'function_name': 'TransferResponsibility', 'inputs': (<Function TransferResponsibility(address)>, {'newCounterparty': '0x606Ec1CA1C986462C52bDE7Bb7F694DB08c1Af72'})}"
1956,0x8acfdaeb387637dfd53a785c901284a99ec9f1dd91a1eef5835f9d9f5d5c19eb,0x934e8d68E0b5B49054dad167564A4E044F4aDF58,0x866d56E88aabEDE02ff4362Ca979C8519179aDd4,0,0x01b7dcb4,"{'function_name': 'Complete', 'inputs': (<Function Complete()>, {})}"
1957,0xab2dc6997f633e4c7f76a3d1769843b37d0b569619b86fc51e3432ee887ce450,0x934e8d68E0b5B49054dad167564A4E044F4aDF58,0x5449Ae59a875Fa0bdae389893Bb6ffe8c12b972E,0,0x01b7dcb4,"{'function_name': 'Complete', 'inputs': (<Function Complete()>, {})}"
1958,0x152d25ce8779ea8ab6e56700320a128edbd53666a4dfdd893e4ac1ebaec26383,0x934e8d68E0b5B49054dad167564A4E044F4aDF58,0xe5412C9798c61DA5E0e82176D597C33B4dD6B9d1,0,0x01b7dcb4,"{'function_name': 'Complete', 'inputs': (<Function Complete()>, {})}"
1959,0xe855750465a4f149d92bab534139454c44a5e25a67ba37a6916adb46f613937a,0x934e8d68E0b5B49054dad167564A4E044F4aDF58,0xC1a9854caaDDA0270F5fE89d7077B916a96aA20C,0,0x01b7dcb4,"{'function_name': 'Complete', 'inputs': (<Function Complete()>, {})}"
1960,0x91b68e37cd8e841f491f7ad9932fadfb9abf9b179cbe1c9e2aad9cd143bd68e5,0x934e8d68E0b5B49054dad167564A4E044F4aDF58,0x229859FBC73C1B3d19aD6CA834648CF1874b4eEB,0,0x01b7dcb4,"{'function_name': 'Complete', 'inputs': (<Function Complete()>, {})}"
1961,0x2d67b892085e47fed0551eeb088052117e9b0be973856496e616904b856d3b11,0x934e8d68E0b5B49054dad167564A4E044F4aDF58,0x8B517837a46D53Fc19de693f5F4935c462816181,0,0x01b7dcb4,"{'function_name': 'Complete', 'inputs': (<Function Complete()>, {})}"
1962,0x1f55233fc1f88f93de91c8087184f6bc7f63e454433445ab154444a42768e76f,0x3F8306Adf9DDa2E06Fd068CA44220756d9FDeF65,0xEe0D12B482B56780647fD33Ecd2492b332a40a33,0,0x32226cde00000000000000000000000035fa38d6e01f98b5e9f7672b0294177388bb381e,"{'function_name': 'Complete', 'inputs': (<Function Complete()>, {})}"
1963,0x3df93a8d50fd57469087efb94ab8c836e45af1d4008ce8dbb132657a45eab0fe,0x934e8d68E0b5B49054dad167564A4E044F4aDF58,0xEe0D12B482B56780647fD33Ecd2492b332a40a33,0,0x01b7dcb4,"{'function_name': 'TransferResponsibility', 'inputs': (<Function TransferResponsibility(address)>, {'newCounterparty': '0x35fA38D6e01F98B5e9f7672b0294177388BB381e'})}"
1964,0x296c0e355b394c5590f0e57f7ac87ddf3947b3e0453682031abebc7f8e27b7b3,0x934e8d68E0b5B49054dad167564A4E044F4aDF58,0xafD6cd5aab2b9Ba6B4fff8d5B81Bd1746e936c33,0,0x01b7dcb4,"{'function_name': 'Complete', 'inputs': (<Function Complete()>, {})}"
