Block Number,Tx Hash,From,To,Value,Data,Deocde_data
1966,0xf7591835df95d659851fe0388bf35a7a4ca3d26e2cd3c60135f49739c4c49bef,0x3F8306Adf9DDa2E06Fd068CA44220756d9FDeF65,0xEc8F26aA36c2587dCc04D488359B0fCDd6d04489,0,0xd12cd942,"{'function_name': 'MakeOffer', 'inputs': (<Function MakeOffer(int256)>, {'offerPrice': 656})}"
1967,0xb6df47b2e9bdd0ab8b5c89054f9376189a4c5f4db5775a9864adec486380a0c0,0x03Db6D217C76E42138A1d8125c9e06eD591e08b2,0xcD5528CBCa80460d98F50Ec127F0566c7a02Ebb6,0,0x85b44a26000000000000000000000000000000000000000000000000000000000000018c,"{'function_name': 'AcceptOffer', 'inputs': (<Function AcceptOffer()>, {})}"
1968,0x520014f798419eda5baced9b284d8c053c09672da1b856bde8f6ede38826ad91,0x3F8306Adf9DDa2E06Fd068CA44220756d9FDeF65,0xcD5528CBCa80460d98F50Ec127F0566c7a02Ebb6,0,0xcba59827,"{'function_name': 'MakeOffer', 'inputs': (<Function MakeOffer(int256)>, {'offerPrice': 396})}"
1969,0x4d3d0f77626a85c7575e9e17bea944b4fdf8ed257132d19fe1b004f797336c9e,0x3F8306Adf9DDa2E06Fd068CA44220756d9FDeF65,0xcD5528CBCa80460d98F50Ec127F0566c7a02Ebb6,0,0xd12cd942,"{'function_name': 'Reject', 'inputs': (<Function Reject()>, {})}"
1970,0x46c479d37119c520d288f072fc73599a60a931055e890063531ad6b4d9ed7f31,0x3F8306Adf9DDa2E06Fd068CA44220756d9FDeF65,0x7b49E1E5971099D68bf89e738DC359E0fC112CF1,0,0xd12cd942,"{'function_name': 'AcceptOffer', 'inputs': (<Function AcceptOffer()>, {})}"
1971,0x5b94d9c71179cac9203e66052ff63d6edd73422a0764a0b03c3b69071fb374cd,0x666474a318918123e27b9d6f1283528C88f97827,0x145ADF0bd389dc5A27aE78150c9b8902cA5e2132,0,0x85b44a2600000000000000000000000000000000000000000000000000000000000002eb,"{'function_name': 'AcceptOffer', 'inputs': (<Function AcceptOffer()>, {})}"
1972,0xee916fe0ad7d5a5ca6b02dcebf494dd8d38ac5e4fb7bc79db824b9bf8b8644b4,0x3F8306Adf9DDa2E06Fd068CA44220756d9FDeF65,0x145ADF0bd389dc5A27aE78150c9b8902cA5e2132,0,0xd12cd942,"{'function_name': 'MakeOffer', 'inputs': (<Function MakeOffer(int256)>, {'offerPrice': 747})}"
1973,0xabddb3c59eba0dc415acc4415a00fb6bf7729b994e96cea9a4192dde11164c84,0x3F8306Adf9DDa2E06Fd068CA44220756d9FDeF65,0xaE2deafd9C6B280D1567409710b1A4bA01E32b9C,0,0xd12cd942,"{'function_name': 'AcceptOffer', 'inputs': (<Function AcceptOffer()>, {})}"
1974,0x7fbce459e06861899a347a3da8259ee2a5c285eb0f2d77e8a78cdab41ecd8a7d,0x35fA38D6e01F98B5e9f7672b0294177388BB381e,0x0C3bBe39532A7C9F1DAB36535cB7a55B01e88A68,0,0x85b44a260000000000000000000000000000000000000000000000000000000000000231,"{'function_name': 'AcceptOffer', 'inputs': (<Function AcceptOffer()>, {})}"
1975,0x445194384f2d95f87e320faa082f102a758fb6933dcc02cb36cffbb6da164d06,0x3F8306Adf9DDa2E06Fd068CA44220756d9FDeF65,0x0C3bBe39532A7C9F1DAB36535cB7a55B01e88A68,0,0xd12cd942,"{'function_name': 'MakeOffer', 'inputs': (<Function MakeOffer(int256)>, {'offerPrice': 561})}"
1976,0xf8e2895b49af57e6842f59f43de7476cf733cabbca6fcc76e02c5fe55bcf60de,0x64DFEAe370C5174B3595dBb1DC04651595b7Da37,0x97088cC46eBD5bC4298C24610c3B583DE2d73D36,0,0x85b44a260000000000000000000000000000000000000000000000000000000000000121,"{'function_name': 'AcceptOffer', 'inputs': (<Function AcceptOffer()>, {})}"
1977,0x738e4b799a5c4674bc01930191883ba7a9b46a6ee26c0a7e370458bd714b9186,0x3F8306Adf9DDa2E06Fd068CA44220756d9FDeF65,0x97088cC46eBD5bC4298C24610c3B583DE2d73D36,0,0xcba59827,"{'function_name': 'MakeOffer', 'inputs': (<Function MakeOffer(int256)>, {'offerPrice': 289})}"
1978,0x6e71c61c3fd250a96aaefe4f5a77150430623d6f00edfc768f82bcd2a7b4f4bc,0x03Db6D217C76E42138A1d8125c9e06eD591e08b2,0x97088cC46eBD5bC4298C24610c3B583DE2d73D36,0,0x85b44a26000000000000000000000000000000000000000000000000000000000000032c,"{'function_name': 'Reject', 'inputs': (<Function Reject()>, {})}"
1979,0x529b4e4ab63cfb0df0e4a92e29056d341852441c232b34287567ece27a3346aa,0x3F8306Adf9DDa2E06Fd068CA44220756d9FDeF65,0x97088cC46eBD5bC4298C24610c3B583DE2d73D36,0,0xd12cd942,"{'function_name': 'MakeOffer', 'inputs': (<Function MakeOffer(int256)>, {'offerPrice': 812})}"
1980,0x51a4531b4b97ff51b1f62750d5567cb139589ca16ffe14030f317a1d00f651da,0x0167a993B82feF5033645b2Bc345325646B3FDEd,0x121Cd26175D31FF6eE39a79A66C3C06171Fb00f5,0,0x85b44a260000000000000000000000000000000000000000000000000000000000000340,"{'function_name': 'AcceptOffer', 'inputs': (<Function AcceptOffer()>, {})}"
1981,0x69512c5c3509bdb4b66e94d716bcdd9db262ccfd639ad30922e9abdc638acf4f,0x3F8306Adf9DDa2E06Fd068CA44220756d9FDeF65,0x121Cd26175D31FF6eE39a79A66C3C06171Fb00f5,0,0xcba59827,"{'function_name': 'MakeOffer', 'inputs': (<Function MakeOffer(int256)>, {'offerPrice': 832})}"
1982,0xfe6b4ae1175196bed106b1a820e3e9d06df430e67129192f229dbde25fd5bc70,0x3F8306Adf9DDa2E06Fd068CA44220756d9FDeF65,0x121Cd26175D31FF6eE39a79A66C3C06171Fb00f5,0,0xd12cd942,"{'function_name': 'Reject', 'inputs': (<Function Reject()>, {})}"
1983,0x11e39f9dae96e0171fe070d0433935d5d1cdf52b816f6888d130d8d510583e90,0x3F8306Adf9DDa2E06Fd068CA44220756d9FDeF65,0x1ef479988BDcd96722891484F1f914dd683F22b1,0,0xd12cd942,"{'function_name': 'AcceptOffer', 'inputs': (<Function AcceptOffer()>, {})}"
1984,0x52c6d357b250af97c63ecc4a238ec66a9e99b2b79da85bf6da796b094f01345e,0x3F8306Adf9DDa2E06Fd068CA44220756d9FDeF65,0x416A41431FE5ACB4d852ace96b5A2c6F3F0d31B8,0,0xd12cd942,"{'function_name': 'AcceptOffer', 'inputs': (<Function AcceptOffer()>, {})}"
1985,0xf463b36ca02010d941674ad9e2ed0d79743deeca12b9b8297178f5578642c367,0x20E646cA24A51E324aD07644245a07fEed0426C2,0xEE0662e14a9c1935E78Fd177d8e39D5A2Ea7c702,0,0x85b44a2600000000000000000000000000000000000000000000000000000000000000d0,"{'function_name': 'AcceptOffer', 'inputs': (<Function AcceptOffer()>, {})}"
1986,0xad0d8a5a17de135e499193235faaa5113c82ffcfcf99384e9d5621bda0ce304c,0x3F8306Adf9DDa2E06Fd068CA44220756d9FDeF65,0xEE0662e14a9c1935E78Fd177d8e39D5A2Ea7c702,0,0xcba59827,"{'function_name': 'MakeOffer', 'inputs': (<Function MakeOffer(int256)>, {'offerPrice': 208})}"
1987,0xb2af5a8e4c77dee41a04b45d38b9b41d307680856c62780338ec2621d72a5adf,0x3F8306Adf9DDa2E06Fd068CA44220756d9FDeF65,0xEE0662e14a9c1935E78Fd177d8e39D5A2Ea7c702,0,0xd12cd942,"{'function_name': 'Reject', 'inputs': (<Function Reject()>, {})}"
1988,0x7f8617a9331c6599b4e3ab50687d2ac57942dc250db725aadc3a630f47589fbf,0x3F8306Adf9DDa2E06Fd068CA44220756d9FDeF65,0x4CF80Ac377853149f637Db1239afb30Be0168CE6,0,0xd12cd942,"{'function_name': 'AcceptOffer', 'inputs': (<Function AcceptOffer()>, {})}"
1989,0x28641d9c28912b832388162360d887ac7c354f1fc2808caa864f5985c9acf021,0x7A4f14dcF116DDFAeB08E9E3E4615937FDd24621,0xA016AD0440EdD6448A249e7528291748ADA7572C,0,0x85b44a26000000000000000000000000000000000000000000000000000000000000009d,"{'function_name': 'AcceptOffer', 'inputs': (<Function AcceptOffer()>, {})}"
1990,0xb10b1bd0ffd2664390bf2066fa6ffedaa00fdfa06d71e5af468eb12a3792a3bf,0x3F8306Adf9DDa2E06Fd068CA44220756d9FDeF65,0xA016AD0440EdD6448A249e7528291748ADA7572C,0,0xd12cd942,"{'function_name': 'MakeOffer', 'inputs': (<Function MakeOffer(int256)>, {'offerPrice': 157})}"
1991,0x317917d6ac75d5e9844bcaa214c76ad3382c0cf63e8eb09a576e82bfdd621702,0x3F8306Adf9DDa2E06Fd068CA44220756d9FDeF65,0x6f76Fe1F40Fefb2d64f6Ef516B5E6b9FaaaCf6A4,0,0xd12cd942,"{'function_name': 'AcceptOffer', 'inputs': (<Function AcceptOffer()>, {})}"
1992,0x099206fea8b886565fe804e249f2f08b6e8869bad68facd28b2c57fa9b9c8400,0x3F8306Adf9DDa2E06Fd068CA44220756d9FDeF65,0x59596E39db4fe6CBfbEEb9798844E1D7dbD79b99,0,0xd12cd942,"{'function_name': 'AcceptOffer', 'inputs': (<Function AcceptOffer()>, {})}"
1993,0x1edf84497e6680285d8bbf720759d50abed17399f516c3408a99f6152be9b4ab,0x3F8306Adf9DDa2E06Fd068CA44220756d9FDeF65,0x2025cCdC3950a49BF51Dd5cCAf834E0e62C6a370,0,0xd12cd942,"{'function_name': 'AcceptOffer', 'inputs': (<Function AcceptOffer()>, {})}"
1994,0xd217ef0bc85721bf328cc0a658c02109ddb1b3b971c6d4e633c991e54916faec,0x666474a318918123e27b9d6f1283528C88f97827,0xD4DFD5B8E220f8597b009331c4e8407D0c0beee6,0,0x85b44a2600000000000000000000000000000000000000000000000000000000000003d6,"{'function_name': 'AcceptOffer', 'inputs': (<Function AcceptOffer()>, {})}"
1995,0xf7b603dc831d0182835360dc81378eae49d998bcef12c649accbb3c2a11e663a,0x3F8306Adf9DDa2E06Fd068CA44220756d9FDeF65,0xD4DFD5B8E220f8597b009331c4e8407D0c0beee6,0,0xcba59827,"{'function_name': 'MakeOffer', 'inputs': (<Function MakeOffer(int256)>, {'offerPrice': 982})}"
1996,0xf202c59ab380476a882f2b7848dd656d263f2d454f4c698ff4c1c73bb994c65b,0x3F8306Adf9DDa2E06Fd068CA44220756d9FDeF65,0xD4DFD5B8E220f8597b009331c4e8407D0c0beee6,0,0xd12cd942,"{'function_name': 'Reject', 'inputs': (<Function Reject()>, {})}"
1997,0x236334bdc95b442ff29761cc367472a352660a86f4fc574ff6144381db72932a,0x3F8306Adf9DDa2E06Fd068CA44220756d9FDeF65,0xc1078d77cd1d8495845E07c797A79294a3853069,0,0xd12cd942,"{'function_name': 'AcceptOffer', 'inputs': (<Function AcceptOffer()>, {})}"
1998,0x716771395a33fc80f778c92b7f0f23703049fd9b4c45db236610c37d41bf721e,0x3F8306Adf9DDa2E06Fd068CA44220756d9FDeF65,0x202C7bF5Ec531d9142Ddda61Cb8e87690DF35F3D,0,0xd12cd942,"{'function_name': 'AcceptOffer', 'inputs': (<Function AcceptOffer()>, {})}"
1999,0x15af68678759cbacb16a9764380bb9f8e2042448aec3e1134dce56a6575a700a,0x3F8306Adf9DDa2E06Fd068CA44220756d9FDeF65,0xeA230F8681381296A03C412eE2E1ed41340017de,0,0xd12cd942,"{'function_name': 'AcceptOffer', 'inputs': (<Function AcceptOffer()>, {})}"
2000,0x6a521a4e3c119cadfd8fe46ad2b5d2ab7e99ff5712f0c528a169463d5dceb130,0x3F8306Adf9DDa2E06Fd068CA44220756d9FDeF65,0xAf387b51D4a7fdC3cA7506B0F2d0Cd2F631Eab91,0,0xd12cd942,"{'function_name': 'AcceptOffer', 'inputs': (<Function AcceptOffer()>, {})}"
2001,0x9964b24ade6cef9b16e06a069241431596d024c0ac0ecdb933ac1f4f2a3af376,0x3F8306Adf9DDa2E06Fd068CA44220756d9FDeF65,0x9df14d373AEde9c8f08141492eB5E77b8E7a797A,0,0xd12cd942,"{'function_name': 'AcceptOffer', 'inputs': (<Function AcceptOffer()>, {})}"
2002,0x1a799989becc647fa0f593cfeca59d499d4e909424bc3ca63774bdfe8185cc36,0x666474a318918123e27b9d6f1283528C88f97827,0x34266eE59B98835f0C7A2De1565ba6e27De55367,0,0x85b44a260000000000000000000000000000000000000000000000000000000000000226,"{'function_name': 'AcceptOffer', 'inputs': (<Function AcceptOffer()>, {})}"
2003,0x4b0f661535fd9c56d45b2acba0b75951557d999fb1d93f29e0558322d308f8ca,0x3F8306Adf9DDa2E06Fd068CA44220756d9FDeF65,0x34266eE59B98835f0C7A2De1565ba6e27De55367,0,0xcba59827,"{'function_name': 'MakeOffer', 'inputs': (<Function MakeOffer(int256)>, {'offerPrice': 550})}"
2004,0x149eb893cc20c464ceaf691b4ba45fca0d10cb0369af168a3f59ba9bb4d920e8,0x3F8306Adf9DDa2E06Fd068CA44220756d9FDeF65,0x34266eE59B98835f0C7A2De1565ba6e27De55367,0,0xd12cd942,"{'function_name': 'Reject', 'inputs': (<Function Reject()>, {})}"
2005,0xae9788d0610309aeabb6675a147f505c7f78bcffac894cf84c7e10aba69e102e,0x35fA38D6e01F98B5e9f7672b0294177388BB381e,0x6Ae31858FDbB12FFa4bA1daCBB585Aa1822C6c1E,0,0x85b44a2600000000000000000000000000000000000000000000000000000000000000dc,"{'function_name': 'AcceptOffer', 'inputs': (<Function AcceptOffer()>, {})}"
2006,0x663d2e89739ce453822f0c9b1155a9c52991d7332bff96b7feb7f5e078559189,0x3F8306Adf9DDa2E06Fd068CA44220756d9FDeF65,0x6Ae31858FDbB12FFa4bA1daCBB585Aa1822C6c1E,0,0xd12cd942,"{'function_name': 'MakeOffer', 'inputs': (<Function MakeOffer(int256)>, {'offerPrice': 220})}"
2007,0xfc3c94973bf3a4937b9f55003c6fe1bcfe9d3b75e9b6da4bdb84b8aaa90a8a3f,0x7A4f14dcF116DDFAeB08E9E3E4615937FDd24621,0x661b93f6f5dbD9a7A49cD4114ebB25D20d657e40,0,0x85b44a26000000000000000000000000000000000000000000000000000000000000001d,"{'function_name': 'AcceptOffer', 'inputs': (<Function AcceptOffer()>, {})}"
2008,0xdd079917a00f8a605a7359bdfac0ab93c25c6c56c51e5a6ea33406635eb4ae40,0x3F8306Adf9DDa2E06Fd068CA44220756d9FDeF65,0x661b93f6f5dbD9a7A49cD4114ebB25D20d657e40,0,0xcba59827,"{'function_name': 'MakeOffer', 'inputs': (<Function MakeOffer(int256)>, {'offerPrice': 29})}"
2009,0xbd4b356867180bdc3070ad66682d1fff5c5271a73d87e9f4fdfbc94d3ecd8fae,0x03Db6D217C76E42138A1d8125c9e06eD591e08b2,0x661b93f6f5dbD9a7A49cD4114ebB25D20d657e40,0,0x85b44a2600000000000000000000000000000000000000000000000000000000000002e4,"{'function_name': 'Reject', 'inputs': (<Function Reject()>, {})}"
2010,0xfb667b7bd873b59a0a43fd292eec33cf788287ae6c5c7d80e106fedd3998d6a2,0x3F8306Adf9DDa2E06Fd068CA44220756d9FDeF65,0x661b93f6f5dbD9a7A49cD4114ebB25D20d657e40,0,0xd12cd942,"{'function_name': 'MakeOffer', 'inputs': (<Function MakeOffer(int256)>, {'offerPrice': 740})}"
2011,0x01ab4099e227de76fa89a8d0d0b1d83e5b83bc16e7ff6b4fa37ff8dbe78d476d,0x3F8306Adf9DDa2E06Fd068CA44220756d9FDeF65,0x5cAfFDf1F71c5FD022Cfc777eDc9FDA612ce4deB,0,0xd12cd942,"{'function_name': 'AcceptOffer', 'inputs': (<Function AcceptOffer()>, {})}"
2012,0x8bb52063b0e6a895563ef4de1663ed2ec294431b5bb9e7ddbeb425cc3dc1f158,0x3F8306Adf9DDa2E06Fd068CA44220756d9FDeF65,0x8aE180ca404697FA362341426A3a9f02C3d6ACD0,0,0xd12cd942,"{'function_name': 'AcceptOffer', 'inputs': (<Function AcceptOffer()>, {})}"
2013,0x8f9ea6f6f5e19725998cf2bb1d2a1597c15588f5e0353318a153557e3afed043,0x03Db6D217C76E42138A1d8125c9e06eD591e08b2,0x7a5B871964495033b62F4A81cEF724DAa0CDAe51,0,0x85b44a2600000000000000000000000000000000000000000000000000000000000002a2,"{'function_name': 'AcceptOffer', 'inputs': (<Function AcceptOffer()>, {})}"
2014,0x9746e6f3d1fd0bb4702d1aaa8d4e26062ee9be87813fbf9f0a1190ccfb7e0132,0x3F8306Adf9DDa2E06Fd068CA44220756d9FDeF65,0x7a5B871964495033b62F4A81cEF724DAa0CDAe51,0,0xcba59827,"{'function_name': 'MakeOffer', 'inputs': (<Function MakeOffer(int256)>, {'offerPrice': 674})}"
2015,0x7ee4839452aeac71621c63153eda29fcc5ff02d17f3082fd43c28f11321fd4a7,0x606Ec1CA1C986462C52bDE7Bb7F694DB08c1Af72,0x7a5B871964495033b62F4A81cEF724DAa0CDAe51,0,0x85b44a26000000000000000000000000000000000000000000000000000000000000012d,"{'function_name': 'Reject', 'inputs': (<Function Reject()>, {})}"
2016,0x4caf9466a1ae26fefeff404bb0cd050a08bbdec8c2b4cf717bb55386cfa6bbad,0x3F8306Adf9DDa2E06Fd068CA44220756d9FDeF65,0x7a5B871964495033b62F4A81cEF724DAa0CDAe51,0,0xd12cd942,"{'function_name': 'MakeOffer', 'inputs': (<Function MakeOffer(int256)>, {'offerPrice': 301})}"
2017,0x1bb0f5b6544705fb4db33347aec4b2fa1a93da4868071b43b9fae15636544c1b,0x64DFEAe370C5174B3595dBb1DC04651595b7Da37,0x4b8545e73c2F9068eDC3B5F4A94E1E947D07D5E6,0,0x85b44a260000000000000000000000000000000000000000000000000000000000000163,"{'function_name': 'AcceptOffer', 'inputs': (<Function AcceptOffer()>, {})}"
2018,0xe91b481b6533493b07e22744c2468feaed1fe9162ec8d26dc8980fe94392a10e,0x3F8306Adf9DDa2E06Fd068CA44220756d9FDeF65,0x4b8545e73c2F9068eDC3B5F4A94E1E947D07D5E6,0,0xd12cd942,"{'function_name': 'MakeOffer', 'inputs': (<Function MakeOffer(int256)>, {'offerPrice': 355})}"
2019,0xb1ac3f8ccb1b104fbe3b0ff47be622756a36a044d9db059ebd74e88575b8d3a2,0x20E646cA24A51E324aD07644245a07fEed0426C2,0xFac6A15c41E30613971B683571F5ac6CFCf37e60,0,0x85b44a2600000000000000000000000000000000000000000000000000000000000003d8,"{'function_name': 'AcceptOffer', 'inputs': (<Function AcceptOffer()>, {})}"
2020,0xef6fb41bebb9352f0e0d8bbc88559d1256447026896fc467385bf55d7fc694bc,0x3F8306Adf9DDa2E06Fd068CA44220756d9FDeF65,0xFac6A15c41E30613971B683571F5ac6CFCf37e60,0,0xd12cd942,"{'function_name': 'MakeOffer', 'inputs': (<Function MakeOffer(int256)>, {'offerPrice': 984})}"
2021,0x145bc2c9a2de26cf649292144564eaf2eb4042684bbf850a75f6af63955d8cd9,0x3F8306Adf9DDa2E06Fd068CA44220756d9FDeF65,0xe45bDdE8100fe981cd0C1064FFF6d046BD5Be7C0,0,0xd12cd942,"{'function_name': 'AcceptOffer', 'inputs': (<Function AcceptOffer()>, {})}"
2022,0x0fa83f1461630b98f6ecbe607948aa8f20d2c5f22c5ab6012f4c2d7c85340ba4,0x3F8306Adf9DDa2E06Fd068CA44220756d9FDeF65,0x50b2c497d63a0d97291Ea5d5c8e0Ecf140A753dC,0,0xd12cd942,"{'function_name': 'AcceptOffer', 'inputs': (<Function AcceptOffer()>, {})}"
2023,0x090794aa2bc69686da38a14eafb2d198fd985d5d1edc1e48e17b5a4b670f551c,0x0167a993B82feF5033645b2Bc345325646B3FDEd,0x33d1cdB42747c20b840248a39265B028af381352,0,0x85b44a260000000000000000000000000000000000000000000000000000000000000288,"{'function_name': 'AcceptOffer', 'inputs': (<Function AcceptOffer()>, {})}"
2024,0x38d74f47dbb9045523c022b7e0752e3580d5d2b99ec1d763b9ab476506deb13f,0x3F8306Adf9DDa2E06Fd068CA44220756d9FDeF65,0x33d1cdB42747c20b840248a39265B028af381352,0,0xd12cd942,"{'function_name': 'MakeOffer', 'inputs': (<Function MakeOffer(int256)>, {'offerPrice': 648})}"
2025,0x836fc7a8f1e08018e0a1e94125fafc3a61249a218f7112958633bc98833e8c10,0x64DFEAe370C5174B3595dBb1DC04651595b7Da37,0x357E701cE61A01B5aa429547969dB504bac51055,0,0x85b44a2600000000000000000000000000000000000000000000000000000000000002e7,"{'function_name': 'AcceptOffer', 'inputs': (<Function AcceptOffer()>, {})}"
2026,0x61232aa8cf98ffe56e08558ade8075ad1e2bf497a3bb48b4788d29f4456e828d,0x3F8306Adf9DDa2E06Fd068CA44220756d9FDeF65,0x357E701cE61A01B5aa429547969dB504bac51055,0,0xcba59827,"{'function_name': 'MakeOffer', 'inputs': (<Function MakeOffer(int256)>, {'offerPrice': 743})}"
2027,0x52ad64ae9d557af0dce010907a75d7779a472db318f4859a4417bc22649c6616,0x606Ec1CA1C986462C52bDE7Bb7F694DB08c1Af72,0x357E701cE61A01B5aa429547969dB504bac51055,0,0x85b44a2600000000000000000000000000000000000000000000000000000000000001d4,"{'function_name': 'Reject', 'inputs': (<Function Reject()>, {})}"
2028,0x89ac636158dae517c6b032059961dba2065e21b1a23d542125fcedb61928d33e,0x3F8306Adf9DDa2E06Fd068CA44220756d9FDeF65,0x357E701cE61A01B5aa429547969dB504bac51055,0,0xcba59827,"{'function_name': 'MakeOffer', 'inputs': (<Function MakeOffer(int256)>, {'offerPrice': 468})}"
2029,0x0557c40ba2e009f16cf79a9ed0df828a4798c60ce7930a58eafe494a6212276c,0x20E646cA24A51E324aD07644245a07fEed0426C2,0x357E701cE61A01B5aa429547969dB504bac51055,0,0x85b44a260000000000000000000000000000000000000000000000000000000000000340,"{'function_name': 'Reject', 'inputs': (<Function Reject()>, {})}"
2030,0x7735866d729879d7084e1b58ba3fe952dfe72a004eb973a2a01305be22fbd084,0x3F8306Adf9DDa2E06Fd068CA44220756d9FDeF65,0x357E701cE61A01B5aa429547969dB504bac51055,0,0xd12cd942,"{'function_name': 'MakeOffer', 'inputs': (<Function MakeOffer(int256)>, {'offerPrice': 832})}"
2031,0xf7b49eff0db26ccd5b6b3d5a084cd23bac7b12a950bca02f48f7b349952adc33,0x64DFEAe370C5174B3595dBb1DC04651595b7Da37,0x6E8C02756D3d83d6A6fd415Df3DDE051165fCD1C,0,0x85b44a2600000000000000000000000000000000000000000000000000000000000002c5,"{'function_name': 'AcceptOffer', 'inputs': (<Function AcceptOffer()>, {})}"
2032,0x7f6cc3b81c0dd5a61c72f8779f20d02fbff258c40b00c6eff10c41b7af2b4619,0x3F8306Adf9DDa2E06Fd068CA44220756d9FDeF65,0x6E8C02756D3d83d6A6fd415Df3DDE051165fCD1C,0,0xd12cd942,"{'function_name': 'MakeOffer', 'inputs': (<Function MakeOffer(int256)>, {'offerPrice': 709})}"
2033,0x2f0c50a63a22a15606c9b0cd5a8436fcc3e584b01b53dc2c8bafe9c270554c7f,0x3F8306Adf9DDa2E06Fd068CA44220756d9FDeF65,0xCDC174e7D16Fbd21f0aAD0793A07f5EAa2769Eaa,0,0xd12cd942,"{'function_name': 'AcceptOffer', 'inputs': (<Function AcceptOffer()>, {})}"
2034,0x0a71f4901882cc7fe50a37d843a6dcd13c1d90763afd5cd21445243173cf9e7c,0x3F8306Adf9DDa2E06Fd068CA44220756d9FDeF65,0x14a1644BB770e351b68695b4d8949ac1c13DcB4b,0,0xd12cd942,"{'function_name': 'AcceptOffer', 'inputs': (<Function AcceptOffer()>, {})}"
2035,0xff0c82bb23d0e0ddf9a2836e501da7d84625722af357c8fab2398a6816d62d57,0x3F8306Adf9DDa2E06Fd068CA44220756d9FDeF65,0xF625AF7C1E8936322462344e660B569a6224b94A,0,0xd12cd942,"{'function_name': 'AcceptOffer', 'inputs': (<Function AcceptOffer()>, {})}"
2036,0x84e0d245cc77ff2181676b1573112b746d7c59026d0d602f42747f28575a8b13,0x3F8306Adf9DDa2E06Fd068CA44220756d9FDeF65,0x8529C3223E1EEa254b5fB01BBC31B59705C3F684,0,0xd12cd942,"{'function_name': 'AcceptOffer', 'inputs': (<Function AcceptOffer()>, {})}"
2037,0x13273a28e1cd4495fc6d0e5143cd702cf1eb7fcb16962811f4a02ad334aed4a8,0x606Ec1CA1C986462C52bDE7Bb7F694DB08c1Af72,0x2072a5d18c51002fC24e06c46f9aE4B10e13F470,0,0x85b44a2600000000000000000000000000000000000000000000000000000000000003c6,"{'function_name': 'AcceptOffer', 'inputs': (<Function AcceptOffer()>, {})}"
2038,0xb088a57f4fa4380a76f0e808c5db90e766bc8f79201b73b94feafc23ba431161,0x3F8306Adf9DDa2E06Fd068CA44220756d9FDeF65,0x2072a5d18c51002fC24e06c46f9aE4B10e13F470,0,0xcba59827,"{'function_name': 'MakeOffer', 'inputs': (<Function MakeOffer(int256)>, {'offerPrice': 966})}"
2039,0x23687f559997a5d12b5b5fb43fd5a24c1ecae541a0fe4635e753606b4654ed3e,0x3F8306Adf9DDa2E06Fd068CA44220756d9FDeF65,0x2072a5d18c51002fC24e06c46f9aE4B10e13F470,0,0xd12cd942,"{'function_name': 'Reject', 'inputs': (<Function Reject()>, {})}"
2040,0x2c215b6a32b2f8d02c0c436c1463322d60bfd8a640f62cacd34b119cf554772e,0x3F8306Adf9DDa2E06Fd068CA44220756d9FDeF65,0xADD0440c6FC1c1FaF6F1426a97cd31955B685E23,0,0xd12cd942,"{'function_name': 'AcceptOffer', 'inputs': (<Function AcceptOffer()>, {})}"
2041,0xfe27a88929a4a08b7c898b20ea5b1c3b3eee1808d74c39c0c9ca8032bd53829f,0x03Db6D217C76E42138A1d8125c9e06eD591e08b2,0x6A36005c7e67b1974f3B48BE22c7dC281be48F55,0,0x85b44a26000000000000000000000000000000000000000000000000000000000000014d,"{'function_name': 'AcceptOffer', 'inputs': (<Function AcceptOffer()>, {})}"
2042,0x4f7b6c8342c403d561ebcafadbe9b617b48a6f3b81738871d1296618820302c4,0x3F8306Adf9DDa2E06Fd068CA44220756d9FDeF65,0x6A36005c7e67b1974f3B48BE22c7dC281be48F55,0,0xcba59827,"{'function_name': 'MakeOffer', 'inputs': (<Function MakeOffer(int256)>, {'offerPrice': 333})}"
2043,0xe51879ef172662a0679f8df3d835c01c010698cbd3385d6c8988233749045bf3,0x3F8306Adf9DDa2E06Fd068CA44220756d9FDeF65,0x6A36005c7e67b1974f3B48BE22c7dC281be48F55,0,0xd12cd942,"{'function_name': 'Reject', 'inputs': (<Function Reject()>, {})}"
2044,0x83cac6ed34f6ae16a2d16b583b204c8b27e9c82f7cb77e0dc74ad58da758e83f,0x934e8d68E0b5B49054dad167564A4E044F4aDF58,0x2599249bC75cB1401c0c9F9cA29aa0f526293715,0,0x85b44a260000000000000000000000000000000000000000000000000000000000000173,"{'function_name': 'AcceptOffer', 'inputs': (<Function AcceptOffer()>, {})}"
2045,0x678af09e0a262828c7114b21599c2893eee2540b98036596a013ff11d6dfef17,0x3F8306Adf9DDa2E06Fd068CA44220756d9FDeF65,0x2599249bC75cB1401c0c9F9cA29aa0f526293715,0,0xd12cd942,"{'function_name': 'MakeOffer', 'inputs': (<Function MakeOffer(int256)>, {'offerPrice': 371})}"
2046,0x430b773cdb5b7f28887841869a4f59ab3428ddaa75aea34021480fddb11badba,0x3F8306Adf9DDa2E06Fd068CA44220756d9FDeF65,0x7DA607efD896819B17a122D216D52624eDC62e57,0,0xd12cd942,"{'function_name': 'AcceptOffer', 'inputs': (<Function AcceptOffer()>, {})}"
2047,0x3741acb10cd6c3052904ea9fd7b14100c78d116e943f9b0473a9e51f05cdaab0,0x3F8306Adf9DDa2E06Fd068CA44220756d9FDeF65,0x6585de8e8020389249bDD7d26b8E47d2a2183973,0,0xd12cd942,"{'function_name': 'AcceptOffer', 'inputs': (<Function AcceptOffer()>, {})}"
2048,0x9bfa115f64ca3065a4e9000e1019c3ffe82fd22a0d4a29224fa4ca81c9b6e0c1,0x3F8306Adf9DDa2E06Fd068CA44220756d9FDeF65,0xb6056FFB0E31abC76729BCf223f1237ee9c7F1F7,0,0xd12cd942,"{'function_name': 'AcceptOffer', 'inputs': (<Function AcceptOffer()>, {})}"
2049,0x8925e61b2769e4ee99094bbd0a446cdcc6dafb566ae13d3379ea7342a069c772,0x3F8306Adf9DDa2E06Fd068CA44220756d9FDeF65,0x403dab300837014ad9d07760e78Ce6986D33Aa90,0,0xd12cd942,"{'function_name': 'AcceptOffer', 'inputs': (<Function AcceptOffer()>, {})}"
2050,0x1b3ef6fad886ccf2c9c254876b09833e3acab9637e671454a5938f6ae505db7a,0x3F8306Adf9DDa2E06Fd068CA44220756d9FDeF65,0x3739Fd252055510D383deE6D78e0410754B565E3,0,0xd12cd942,"{'function_name': 'AcceptOffer', 'inputs': (<Function AcceptOffer()>, {})}"
2051,0xd8bff95b21a65913b4f0b67011d1d755ffefc1f38af0ce6d36b27eaa593f23ff,0x7A4f14dcF116DDFAeB08E9E3E4615937FDd24621,0x996009B24b4A696eA434553421271ee6cAc2796E,0,0x85b44a26000000000000000000000000000000000000000000000000000000000000008d,"{'function_name': 'AcceptOffer', 'inputs': (<Function AcceptOffer()>, {})}"
2052,0xc1d2e7eeae0ec23d14a71b0aec484b75afbd4e4115eab0b0aea36223fe3c4fe8,0x3F8306Adf9DDa2E06Fd068CA44220756d9FDeF65,0x996009B24b4A696eA434553421271ee6cAc2796E,0,0xcba59827,"{'function_name': 'MakeOffer', 'inputs': (<Function MakeOffer(int256)>, {'offerPrice': 141})}"
2053,0x1264b91795a7fbdb490d15f209eccfcd9c6b86a1f8b2cd00b7f3f698bbba2676,0x3F8306Adf9DDa2E06Fd068CA44220756d9FDeF65,0x996009B24b4A696eA434553421271ee6cAc2796E,0,0xd12cd942,"{'function_name': 'Reject', 'inputs': (<Function Reject()>, {})}"
2054,0xdcc71a66ce78217ed7667c6264b51e65d31646f21077505c3206670e35868309,0x03Db6D217C76E42138A1d8125c9e06eD591e08b2,0xE8Ff7111791c5D7Ab8b24C6d972a253597BdBaF4,0,0x85b44a260000000000000000000000000000000000000000000000000000000000000079,"{'function_name': 'AcceptOffer', 'inputs': (<Function AcceptOffer()>, {})}"
2055,0xa83ed91276f2675c198c5ac0e062893c69f15b409d64bd17194a4c77b8b60b61,0x3F8306Adf9DDa2E06Fd068CA44220756d9FDeF65,0xE8Ff7111791c5D7Ab8b24C6d972a253597BdBaF4,0,0xd12cd942,"{'function_name': 'MakeOffer', 'inputs': (<Function MakeOffer(int256)>, {'offerPrice': 121})}"
2056,0x577edd70de3de12379a86d0ac30add4485d8adc93475a9906bdabc6ff22686ba,0x64DFEAe370C5174B3595dBb1DC04651595b7Da37,0x417846feAE28d900ab217830064567D9A321f8d4,0,0x85b44a26000000000000000000000000000000000000000000000000000000000000037b,"{'function_name': 'AcceptOffer', 'inputs': (<Function AcceptOffer()>, {})}"
2057,0x93a7753f49925f6f5f3bc27ecff0c7cf33c20a21464ce458ec510a329b2de450,0x3F8306Adf9DDa2E06Fd068CA44220756d9FDeF65,0x417846feAE28d900ab217830064567D9A321f8d4,0,0xd12cd942,"{'function_name': 'MakeOffer', 'inputs': (<Function MakeOffer(int256)>, {'offerPrice': 891})}"
2058,0x2d5807601dc049a559157ed212f0be0088124c6171a46ef8fd28b42c25ac9aa4,0x3F8306Adf9DDa2E06Fd068CA44220756d9FDeF65,0x70CCeB550B93C646A36A8063c133dE244768bcFd,0,0xd12cd942,"{'function_name': 'AcceptOffer', 'inputs': (<Function AcceptOffer()>, {})}"
2059,0x1b44a733a53c4f1b7422240224a6b22a1b52b12cc1a4bf231850179ae0763c9e,0x934e8d68E0b5B49054dad167564A4E044F4aDF58,0xa24D51CEf1565D5D921e13C0Af31C9B0cE5C740E,0,0x85b44a2600000000000000000000000000000000000000000000000000000000000001bb,"{'function_name': 'AcceptOffer', 'inputs': (<Function AcceptOffer()>, {})}"
2060,0x90782ce0330f11be17e598cec88666e79c275fc1c84f077b9c8637dee827b7d8,0x3F8306Adf9DDa2E06Fd068CA44220756d9FDeF65,0xa24D51CEf1565D5D921e13C0Af31C9B0cE5C740E,0,0xcba59827,"{'function_name': 'MakeOffer', 'inputs': (<Function MakeOffer(int256)>, {'offerPrice': 443})}"
2061,0x94b38d3da1bc9f72bcb6b392486e595c3e68cfb20b9051abb42a7c7c5f6b7181,0x3F8306Adf9DDa2E06Fd068CA44220756d9FDeF65,0xa24D51CEf1565D5D921e13C0Af31C9B0cE5C740E,0,0xd12cd942,"{'function_name': 'Reject', 'inputs': (<Function Reject()>, {})}"
2062,0x8ca8d3e35d131e19e58f743afd273e82b9e341c4cdfcc849b3ae7db4f1a6acc4,0x606Ec1CA1C986462C52bDE7Bb7F694DB08c1Af72,0x649569590D616039F9fF96045113103B974566e8,0,0x85b44a2600000000000000000000000000000000000000000000000000000000000000cd,"{'function_name': 'AcceptOffer', 'inputs': (<Function AcceptOffer()>, {})}"
2063,0x4354a94d3253ad29d0f650538271f8d6701834433c8b09e8b54b89b321a60e99,0x3F8306Adf9DDa2E06Fd068CA44220756d9FDeF65,0x649569590D616039F9fF96045113103B974566e8,0,0xcba59827,"{'function_name': 'MakeOffer', 'inputs': (<Function MakeOffer(int256)>, {'offerPrice': 205})}"
2064,0xa0f5175567383450b5de92171c1cd3232550d714c443e26b769e6417bba4247c,0x666474a318918123e27b9d6f1283528C88f97827,0x649569590D616039F9fF96045113103B974566e8,0,0x85b44a2600000000000000000000000000000000000000000000000000000000000002b0,"{'function_name': 'Reject', 'inputs': (<Function Reject()>, {})}"
2065,0xd87977087b5590570bd986eee7e173a1ff8ba34586b405336f4a96c75bc40bc9,0x3F8306Adf9DDa2E06Fd068CA44220756d9FDeF65,0x649569590D616039F9fF96045113103B974566e8,0,0xcba59827,"{'function_name': 'MakeOffer', 'inputs': (<Function MakeOffer(int256)>, {'offerPrice': 688})}"
2066,0x90804f56a3b592b42eeab06b04c4eeef8903799f7f896ad52405e4aa47f14641,0x0167a993B82feF5033645b2Bc345325646B3FDEd,0x649569590D616039F9fF96045113103B974566e8,0,0x85b44a26000000000000000000000000000000000000000000000000000000000000036e,"{'function_name': 'Reject', 'inputs': (<Function Reject()>, {})}"
2067,0x4067560dd85e2e041b22d9367251278c0904c97c8413b154e4cd7846bf1f12ea,0x3F8306Adf9DDa2E06Fd068CA44220756d9FDeF65,0x649569590D616039F9fF96045113103B974566e8,0,0xcba59827,"{'function_name': 'MakeOffer', 'inputs': (<Function MakeOffer(int256)>, {'offerPrice': 878})}"
2068,0xef8ab819114f9b1675c09dd47bd4f7bfbe73125e1300c156d6583b6dc3e4ee0c,0x3F8306Adf9DDa2E06Fd068CA44220756d9FDeF65,0x649569590D616039F9fF96045113103B974566e8,0,0xd12cd942,"{'function_name': 'Reject', 'inputs': (<Function Reject()>, {})}"
2069,0xf2e2bf28a82a2063f47e577f8234e6d703f5aafd72214876345a0fa4aa4a0e64,0x3F8306Adf9DDa2E06Fd068CA44220756d9FDeF65,0x46896C27e59836F9781bc4b7293D66eCe1974417,0,0xd12cd942,"{'function_name': 'AcceptOffer', 'inputs': (<Function AcceptOffer()>, {})}"
2070,0x6cf80374963051fb9225d1af0ed34195e7f3ad989c7d3b05aba357ec44507441,0x03Db6D217C76E42138A1d8125c9e06eD591e08b2,0xec40905a2D7D065d68A6733A1dcf64c00a05ca05,0,0x85b44a2600000000000000000000000000000000000000000000000000000000000001c3,"{'function_name': 'AcceptOffer', 'inputs': (<Function AcceptOffer()>, {})}"
2071,0x76505b7bffc380c88e2766fcaa632a217df455035b609050ce3f01215284dc0d,0x3F8306Adf9DDa2E06Fd068CA44220756d9FDeF65,0xec40905a2D7D065d68A6733A1dcf64c00a05ca05,0,0xcba59827,"{'function_name': 'MakeOffer', 'inputs': (<Function MakeOffer(int256)>, {'offerPrice': 451})}"
2072,0xbf5448ef99343d824a6614156f7b161b6770e4403b635b09ec1d042a854666a0,0x3F8306Adf9DDa2E06Fd068CA44220756d9FDeF65,0xec40905a2D7D065d68A6733A1dcf64c00a05ca05,0,0xd12cd942,"{'function_name': 'Reject', 'inputs': (<Function Reject()>, {})}"
2073,0xb0323f959a4cebdd01787d9add3b8f53bf83092cd3178a46b0fb8df7492a99df,0x666474a318918123e27b9d6f1283528C88f97827,0x74B02D82Ef43cfC5dE53f5CC9e90B0626b9e79c6,0,0x85b44a26000000000000000000000000000000000000000000000000000000000000015f,"{'function_name': 'AcceptOffer', 'inputs': (<Function AcceptOffer()>, {})}"
2074,0xee47018d8003b4fcc6e6aca655cb8aa8c46c74d4a5274539901b0ea43da72e0c,0x3F8306Adf9DDa2E06Fd068CA44220756d9FDeF65,0x74B02D82Ef43cfC5dE53f5CC9e90B0626b9e79c6,0,0xcba59827,"{'function_name': 'MakeOffer', 'inputs': (<Function MakeOffer(int256)>, {'offerPrice': 351})}"
2075,0xb5473e702f8bba4cbcb5c3161ed731349621feef6e394923e906947100498191,0x3F8306Adf9DDa2E06Fd068CA44220756d9FDeF65,0x74B02D82Ef43cfC5dE53f5CC9e90B0626b9e79c6,0,0xd12cd942,"{'function_name': 'Reject', 'inputs': (<Function Reject()>, {})}"
2076,0x3db7826d77a4aeaac9e3ee91895ad8a11529da73aeb1ad39b9043fe996d5c4e8,0x3F8306Adf9DDa2E06Fd068CA44220756d9FDeF65,0x1A3228EC98F29548CFB23bE38AD79b391B948d5E,0,0xd12cd942,"{'function_name': 'AcceptOffer', 'inputs': (<Function AcceptOffer()>, {})}"
2077,0xce3c8c8d262eb5a61b78595049cbdc0408e69aa23dacfb795c9ee65a3a8f6d41,0x3F8306Adf9DDa2E06Fd068CA44220756d9FDeF65,0x717cFab1784D16bB614Be338f767f13656f42A56,0,0xd12cd942,"{'function_name': 'AcceptOffer', 'inputs': (<Function AcceptOffer()>, {})}"
2078,0xa3c0b6bf9efde570b37fed7c349237dfea683e46d1f94dbf10d7c94e555e0872,0x3F8306Adf9DDa2E06Fd068CA44220756d9FDeF65,0xA1aDa45CeDB88F1B3fE1E28b463CfDF03CBd7DD9,0,0xd12cd942,"{'function_name': 'AcceptOffer', 'inputs': (<Function AcceptOffer()>, {})}"
2079,0x7077ea9954f39098bacdb026110aa6364f86574f528ef115b1307b7220f5a292,0x3F8306Adf9DDa2E06Fd068CA44220756d9FDeF65,0x7C1D977C343F027d716db5BdAc48616B5F173Ca0,0,0xd12cd942,"{'function_name': 'AcceptOffer', 'inputs': (<Function AcceptOffer()>, {})}"
2080,0x411ac4e8d54496fffe96304b2258a266b6e057d039ee3cc3d87eb2558eb5fb1d,0x3F8306Adf9DDa2E06Fd068CA44220756d9FDeF65,0x659481854e58a6a341e691706868535814519fa5,0,0xd12cd942,"{'function_name': 'AcceptOffer', 'inputs': (<Function AcceptOffer()>, {})}"
2081,0xee9b851e317e4d196f446f423d3e93e81c71df46e1212d8d71e3164e6efafdb6,0x3F8306Adf9DDa2E06Fd068CA44220756d9FDeF65,0x402b0acE5dddAeFD1F3bBCFe6d1355b5E5889CA2,0,0xd12cd942,"{'function_name': 'AcceptOffer', 'inputs': (<Function AcceptOffer()>, {})}"
2082,0x68a7de6c92c9f1779a67f0c234cd99ee17b42cc2777c2383716b9479b1b725c0,0x3F8306Adf9DDa2E06Fd068CA44220756d9FDeF65,0x285Af52536dc1Af4375a0817aC1c1eD1d92EdabE,0,0xd12cd942,"{'function_name': 'AcceptOffer', 'inputs': (<Function AcceptOffer()>, {})}"
2083,0xe595cc0fb41e78eceb6d04ec6357eaa5cb770115a4e77bbb3de9e3caaded33d4,0x934e8d68E0b5B49054dad167564A4E044F4aDF58,0x97031Eea1FF5F042EBBFb6389b4e8f9f122DDC00,0,0x85b44a2600000000000000000000000000000000000000000000000000000000000000cf,"{'function_name': 'AcceptOffer', 'inputs': (<Function AcceptOffer()>, {})}"
2084,0x368c9282e7d9b527748dc964e76e78f319adf182850f2bad3ece0a2de2bd7630,0x3F8306Adf9DDa2E06Fd068CA44220756d9FDeF65,0x97031Eea1FF5F042EBBFb6389b4e8f9f122DDC00,0,0xd12cd942,"{'function_name': 'MakeOffer', 'inputs': (<Function MakeOffer(int256)>, {'offerPrice': 207})}"
2085,0xd514c5afd377dadeebf0228420ca45b7deda1e25cfdd0290a41ee9ae19b3452f,0x3F8306Adf9DDa2E06Fd068CA44220756d9FDeF65,0x3FA423E4172911015CBfE8b2AbA6Cd9F327505Db,0,0xd12cd942,"{'function_name': 'AcceptOffer', 'inputs': (<Function AcceptOffer()>, {})}"
2086,0x44a0be5e5114ea5bc5b728032a1f013c94927b6357b9f0eee0f7e79a72a2118d,0x3F8306Adf9DDa2E06Fd068CA44220756d9FDeF65,0x07B382F3edB12aA29AfEb4FFE6a3F1e88cC58a84,0,0xd12cd942,"{'function_name': 'AcceptOffer', 'inputs': (<Function AcceptOffer()>, {})}"
2087,0xd0ff21aad82400e739001195b50504868a5b51977171f8b52ce14de3f0a8d945,0x666474a318918123e27b9d6f1283528C88f97827,0x63824d8E7aCaD0F0Ed01f77FE33Df01522BC74AB,0,0x85b44a260000000000000000000000000000000000000000000000000000000000000298,"{'function_name': 'AcceptOffer', 'inputs': (<Function AcceptOffer()>, {})}"
2088,0x5b1e324c7082b18d9e86807808e55fcf9af3a1cfbc9a73168b875f32a08a91b9,0x3F8306Adf9DDa2E06Fd068CA44220756d9FDeF65,0x63824d8E7aCaD0F0Ed01f77FE33Df01522BC74AB,0,0xd12cd942,"{'function_name': 'MakeOffer', 'inputs': (<Function MakeOffer(int256)>, {'offerPrice': 664})}"
2089,0x08fde8097c950d13f6d0bd89ce332ac915997279a1347a4edc9ce9cc4fc7fa4d,0x03Db6D217C76E42138A1d8125c9e06eD591e08b2,0xE2C4D4cbdE384Fe01aFc7dA6bD85eB84a56063be,0,0x85b44a2600000000000000000000000000000000000000000000000000000000000003cb,"{'function_name': 'AcceptOffer', 'inputs': (<Function AcceptOffer()>, {})}"
2090,0xcf5720cea7eba830d1e6e290b54eabb5e003d6a7a70b6a7b28f14dccad392d79,0x3F8306Adf9DDa2E06Fd068CA44220756d9FDeF65,0xE2C4D4cbdE384Fe01aFc7dA6bD85eB84a56063be,0,0xd12cd942,"{'function_name': 'MakeOffer', 'inputs': (<Function MakeOffer(int256)>, {'offerPrice': 971})}"
2091,0xe6e82bb686201ad5f4441246f96872633ce9584398abd509f27ede0247fb3918,0x3F8306Adf9DDa2E06Fd068CA44220756d9FDeF65,0x32b03022b61CAF30598EA9EfA15F12f47E864cBC,0,0xd12cd942,"{'function_name': 'AcceptOffer', 'inputs': (<Function AcceptOffer()>, {})}"
2092,0x0335b556ce6df6565ec75d5acb01e0632f3ecf2a665f36e49be0f8951d95b4db,0x20E646cA24A51E324aD07644245a07fEed0426C2,0xD35e65c14D233fD90402Ba025e25d67EF43A9019,0,0x85b44a2600000000000000000000000000000000000000000000000000000000000002b8,"{'function_name': 'AcceptOffer', 'inputs': (<Function AcceptOffer()>, {})}"
2093,0x8b2a1d497c00164fb15ca1309c96953ec542ad0b22a68c444d17057d77ed2cc3,0x3F8306Adf9DDa2E06Fd068CA44220756d9FDeF65,0xD35e65c14D233fD90402Ba025e25d67EF43A9019,0,0xd12cd942,"{'function_name': 'MakeOffer', 'inputs': (<Function MakeOffer(int256)>, {'offerPrice': 696})}"
2094,0xbb13074bd8951bb0da21f4c00905104448eb1b4d64ae91b9ae51f8023a7e6ed4,0x7A4f14dcF116DDFAeB08E9E3E4615937FDd24621,0xd5B10FCC480B4698CaC1951C4B802eD6eB8bdfe9,0,0x85b44a260000000000000000000000000000000000000000000000000000000000000387,"{'function_name': 'AcceptOffer', 'inputs': (<Function AcceptOffer()>, {})}"
2095,0xd2f5990be1731a34a61e28d760e73823911fb5beb848ef6cc6c969406e4c3b78,0x3F8306Adf9DDa2E06Fd068CA44220756d9FDeF65,0xd5B10FCC480B4698CaC1951C4B802eD6eB8bdfe9,0,0xcba59827,"{'function_name': 'MakeOffer', 'inputs': (<Function MakeOffer(int256)>, {'offerPrice': 903})}"
2096,0x0ca23bfae6aa86f5e8375cd16f878b871ba0b53f7e4854bea59ac06de27b63cc,0x3F8306Adf9DDa2E06Fd068CA44220756d9FDeF65,0xd5B10FCC480B4698CaC1951C4B802eD6eB8bdfe9,0,0xd12cd942,"{'function_name': 'Reject', 'inputs': (<Function Reject()>, {})}"
2097,0xcdb61403473a93125162a00aac46f8bb8a029cc805c190f7e3f861f90a0a50ed,0x3F8306Adf9DDa2E06Fd068CA44220756d9FDeF65,0x8cEF3d1bA3B6Ec2d1aeD26089270D7affcbAb113,0,0xd12cd942,"{'function_name': 'AcceptOffer', 'inputs': (<Function AcceptOffer()>, {})}"
2098,0x0163cf875527db720be2fe00a3c667d290f9d943518177636092089324ddc607,0x3F8306Adf9DDa2E06Fd068CA44220756d9FDeF65,0x8d1cc8166f7b2a2d36C0d709BAeaeae901781196,0,0xd12cd942,"{'function_name': 'AcceptOffer', 'inputs': (<Function AcceptOffer()>, {})}"
2099,0x738b987c8b43870393ba74ad0995263c21bc90de09da7757443d57a7f75cc940,0x20E646cA24A51E324aD07644245a07fEed0426C2,0x3131Df66209Ac5bE3bd8D6B6Eac0F72aB87cc75e,0,0x85b44a2600000000000000000000000000000000000000000000000000000000000001ad,"{'function_name': 'AcceptOffer', 'inputs': (<Function AcceptOffer()>, {})}"
2100,0x3806dc05085305981c283954a6f3fc66f827bfc25bbd64c3b08953c704ad6d99,0x3F8306Adf9DDa2E06Fd068CA44220756d9FDeF65,0x3131Df66209Ac5bE3bd8D6B6Eac0F72aB87cc75e,0,0xd12cd942,"{'function_name': 'MakeOffer', 'inputs': (<Function MakeOffer(int256)>, {'offerPrice': 429})}"
2101,0x9681dee4a77fcf1da0d167b68749ca4062a12c417265b9d26b73aa419cd15f5d,0x3F8306Adf9DDa2E06Fd068CA44220756d9FDeF65,0x919F245509b897821729F83316DB17558e327414,0,0xd12cd942,"{'function_name': 'AcceptOffer', 'inputs': (<Function AcceptOffer()>, {})}"
2102,0xf02383979ec7bf265ec6cff6abfaf47495781b6c6aa6516028e1a9f0ffe2b334,0x03Db6D217C76E42138A1d8125c9e06eD591e08b2,0xcca3E8dC012fC8Fb32c1475fa9fF4Fc9b09817e3,0,0x85b44a260000000000000000000000000000000000000000000000000000000000000087,"{'function_name': 'AcceptOffer', 'inputs': (<Function AcceptOffer()>, {})}"
2103,0x76d79f8ea294bf400092a6bfd018049d27efc1799a7f41632b00970c1bc89429,0x3F8306Adf9DDa2E06Fd068CA44220756d9FDeF65,0xcca3E8dC012fC8Fb32c1475fa9fF4Fc9b09817e3,0,0xcba59827,"{'function_name': 'MakeOffer', 'inputs': (<Function MakeOffer(int256)>, {'offerPrice': 135})}"
2104,0x0bb1193be56c890377322e1c44c2c3d8e69a71fd2902c41e71080aa2fc438e39,0x3F8306Adf9DDa2E06Fd068CA44220756d9FDeF65,0xcca3E8dC012fC8Fb32c1475fa9fF4Fc9b09817e3,0,0xd12cd942,"{'function_name': 'Reject', 'inputs': (<Function Reject()>, {})}"
2105,0x450d3dfbb47cfc10397369c83e6059e0bd6d341d135c3f38a15ca5a049d370b3,0x3F8306Adf9DDa2E06Fd068CA44220756d9FDeF65,0x92AaD6Bb226E7527e601B48aba5b883dD48002dB,0,0xd12cd942,"{'function_name': 'AcceptOffer', 'inputs': (<Function AcceptOffer()>, {})}"
2106,0xe1ffc3a87791a8e05667dbee701b113a6ec96ddcf6b8b587ecf543a9c31dbc1e,0x03Db6D217C76E42138A1d8125c9e06eD591e08b2,0x2230b034C1Ab9ccc72E236c7d3d7445fABB0Eaa0,0,0x85b44a26000000000000000000000000000000000000000000000000000000000000010f,"{'function_name': 'AcceptOffer', 'inputs': (<Function AcceptOffer()>, {})}"
2107,0xe432d516271bfda18aeca6c0d84d8d7987579121b744e7a8c143c4a509d87faf,0x3F8306Adf9DDa2E06Fd068CA44220756d9FDeF65,0x2230b034C1Ab9ccc72E236c7d3d7445fABB0Eaa0,0,0xcba59827,"{'function_name': 'MakeOffer', 'inputs': (<Function MakeOffer(int256)>, {'offerPrice': 271})}"
2108,0x9c7efff9fd3e3fc989eb9a0382211b6fdc00daef33948ab6f521bc476c764f12,0x3F8306Adf9DDa2E06Fd068CA44220756d9FDeF65,0x2230b034C1Ab9ccc72E236c7d3d7445fABB0Eaa0,0,0xd12cd942,"{'function_name': 'Reject', 'inputs': (<Function Reject()>, {})}"
2109,0x889f56e8c0a56db08d7b4d2dd39eca42dad59327a23656e8157cc5d244f6e70c,0x606Ec1CA1C986462C52bDE7Bb7F694DB08c1Af72,0x02CAE354804F7957FEb8b79c0de47D4d1d600c4b,0,0x85b44a260000000000000000000000000000000000000000000000000000000000000177,"{'function_name': 'AcceptOffer', 'inputs': (<Function AcceptOffer()>, {})}"
2110,0x44563ce71c6a019f2b469c66d51967798926d934004599f152703ee290ac65fb,0x3F8306Adf9DDa2E06Fd068CA44220756d9FDeF65,0x02CAE354804F7957FEb8b79c0de47D4d1d600c4b,0,0xcba59827,"{'function_name': 'MakeOffer', 'inputs': (<Function MakeOffer(int256)>, {'offerPrice': 375})}"
2111,0x12bbc8aef8872f2e2504204e7aa579c0d4925cd63c5680f19d642a9890b71db2,0x3F8306Adf9DDa2E06Fd068CA44220756d9FDeF65,0x02CAE354804F7957FEb8b79c0de47D4d1d600c4b,0,0xd12cd942,"{'function_name': 'Reject', 'inputs': (<Function Reject()>, {})}"
2112,0xf981e2562be26f9dce57db931609529ecfd045cb6b23c3717420201be68c88cf,0x35fA38D6e01F98B5e9f7672b0294177388BB381e,0x842eB7B5cfc89f3ddfB83CdAA24790f15cf22C96,0,0x85b44a260000000000000000000000000000000000000000000000000000000000000027,"{'function_name': 'AcceptOffer', 'inputs': (<Function AcceptOffer()>, {})}"
2113,0x08095445b7df8a9fe8169011a3077a4a2332c066007425477675939098e0078c,0x3F8306Adf9DDa2E06Fd068CA44220756d9FDeF65,0x842eB7B5cfc89f3ddfB83CdAA24790f15cf22C96,0,0xcba59827,"{'function_name': 'MakeOffer', 'inputs': (<Function MakeOffer(int256)>, {'offerPrice': 39})}"
2114,0x4e645128a71feb22d0070eb2f45a983604bc6818d1ccca932c978d94fe1e6358,0x934e8d68E0b5B49054dad167564A4E044F4aDF58,0x842eB7B5cfc89f3ddfB83CdAA24790f15cf22C96,0,0x85b44a26000000000000000000000000000000000000000000000000000000000000029d,"{'function_name': 'Reject', 'inputs': (<Function Reject()>, {})}"
2115,0xa505888dc05376894b814042ecc8052e5db55247a18e27ffbc483f563752da84,0x3F8306Adf9DDa2E06Fd068CA44220756d9FDeF65,0x842eB7B5cfc89f3ddfB83CdAA24790f15cf22C96,0,0xcba59827,"{'function_name': 'MakeOffer', 'inputs': (<Function MakeOffer(int256)>, {'offerPrice': 669})}"
2116,0xb219060cebb66e2ae98c04370104e1824f947b10b91bea4f065119a2491cc7a0,0x7A4f14dcF116DDFAeB08E9E3E4615937FDd24621,0x842eB7B5cfc89f3ddfB83CdAA24790f15cf22C96,0,0x85b44a26000000000000000000000000000000000000000000000000000000000000034e,"{'function_name': 'Reject', 'inputs': (<Function Reject()>, {})}"
2117,0x4bd488f364d8eba63c533e147393daf4832cbec048597c2bfcbeca23a6953224,0x3F8306Adf9DDa2E06Fd068CA44220756d9FDeF65,0x842eB7B5cfc89f3ddfB83CdAA24790f15cf22C96,0,0xd12cd942,"{'function_name': 'MakeOffer', 'inputs': (<Function MakeOffer(int256)>, {'offerPrice': 846})}"
2118,0xd49e82a9035566c5245b4e806e823ed1ad0e7b314642612c6213d37bb9b0e7c9,0x3F8306Adf9DDa2E06Fd068CA44220756d9FDeF65,0x6e7FaefBCf802B90b80AF4F7ee5d3C741Bd7d6dC,0,0xd12cd942,"{'function_name': 'AcceptOffer', 'inputs': (<Function AcceptOffer()>, {})}"
2119,0xacb76c8cf92226b3cef34d488b626222b8a30021dc5395fdc0c0c3349ea2f11c,0x03Db6D217C76E42138A1d8125c9e06eD591e08b2,0x10346d9A5671D339651a24653ba09E9F931d71fb,0,0x85b44a260000000000000000000000000000000000000000000000000000000000000272,"{'function_name': 'AcceptOffer', 'inputs': (<Function AcceptOffer()>, {})}"
2120,0x4691fc236f8a07bd954fd21fc00dea4cd330e2f60e7dabcdc03bae3680ae4391,0x3F8306Adf9DDa2E06Fd068CA44220756d9FDeF65,0x10346d9A5671D339651a24653ba09E9F931d71fb,0,0xd12cd942,"{'function_name': 'MakeOffer', 'inputs': (<Function MakeOffer(int256)>, {'offerPrice': 626})}"
2121,0x5d98ac3dd1580164b29ec2951a5b747ae0488d29056fd8f5cfef4438be71c3ff,0x3F8306Adf9DDa2E06Fd068CA44220756d9FDeF65,0x9a0982Bc6ef308d7Adc847E4d939b76583807f70,0,0xd12cd942,"{'function_name': 'AcceptOffer', 'inputs': (<Function AcceptOffer()>, {})}"
2122,0xa88fd175584ea23f89504f9759873c132d8f445e156f6c8760a347b4ca34024f,0x3F8306Adf9DDa2E06Fd068CA44220756d9FDeF65,0x51c0b5829d98F6bB890a85562e2dd61374396855,0,0xd12cd942,"{'function_name': 'AcceptOffer', 'inputs': (<Function AcceptOffer()>, {})}"
2123,0x8dc98e3172a26566bace2b5bf4bd0d1b1be8191ae3c44d77b1ad3c7a40ec741e,0x3F8306Adf9DDa2E06Fd068CA44220756d9FDeF65,0x235b075A25e9aC83Fa3da31438117FdA69E11901,0,0xd12cd942,"{'function_name': 'AcceptOffer', 'inputs': (<Function AcceptOffer()>, {})}"
2124,0x8946d4644516f41d4b77ada1a7f320c0d677856123715ec369ff66a2109e5d94,0x0167a993B82feF5033645b2Bc345325646B3FDEd,0x9C727c128cae3888958B832F59D4327a0a88f0eF,0,0x85b44a2600000000000000000000000000000000000000000000000000000000000000b3,"{'function_name': 'AcceptOffer', 'inputs': (<Function AcceptOffer()>, {})}"
2125,0xc0460e6a1eed1633e7fc546be808cc386f6d41d9ca58bf5a5546720674261f63,0x3F8306Adf9DDa2E06Fd068CA44220756d9FDeF65,0x9C727c128cae3888958B832F59D4327a0a88f0eF,0,0xd12cd942,"{'function_name': 'MakeOffer', 'inputs': (<Function MakeOffer(int256)>, {'offerPrice': 179})}"
2126,0x3df633fbe909abbfc803317ca6eb0e29e3586fb4572b34307b3aaf6a515e2cda,0x35fA38D6e01F98B5e9f7672b0294177388BB381e,0x041F363581A2D8c9F567eA4Abf742299f1307eD7,0,0x85b44a2600000000000000000000000000000000000000000000000000000000000002ca,"{'function_name': 'AcceptOffer', 'inputs': (<Function AcceptOffer()>, {})}"
2127,0x054025de2cadf1c7b84ac0e1294d1dee3d7bdd6ec9a76a7ddd4a5e347b75a72a,0x3F8306Adf9DDa2E06Fd068CA44220756d9FDeF65,0x041F363581A2D8c9F567eA4Abf742299f1307eD7,0,0xcba59827,"{'function_name': 'MakeOffer', 'inputs': (<Function MakeOffer(int256)>, {'offerPrice': 714})}"
2128,0x4b4de78afa16283f03bf0ebd36b6f5f2da426e347410412bf575e630701edd17,0x3F8306Adf9DDa2E06Fd068CA44220756d9FDeF65,0x041F363581A2D8c9F567eA4Abf742299f1307eD7,0,0xd12cd942,"{'function_name': 'Reject', 'inputs': (<Function Reject()>, {})}"
2129,0x2d5671ce6818a2faf2e648421059046ad177be040d163fa92b8d9ba7292c96e1,0x3F8306Adf9DDa2E06Fd068CA44220756d9FDeF65,0x23A5F98d2f9b3FCbc6877cceE2BC043b8DE7E9a5,0,0xd12cd942,"{'function_name': 'AcceptOffer', 'inputs': (<Function AcceptOffer()>, {})}"
2130,0x255c1269704ec3ac77a9e1edbab68fa46998ea55643d2a5ba8808e1f0bfda68d,0x3F8306Adf9DDa2E06Fd068CA44220756d9FDeF65,0x50BA7C027D401FB94eA1E6F9608F563E5D1c7411,0,0xd12cd942,"{'function_name': 'AcceptOffer', 'inputs': (<Function AcceptOffer()>, {})}"
2131,0x07488b0ceaf96b303778b7fc9d6eab9c98568b0fd9e5e88ff164f03db931bb1a,0x3F8306Adf9DDa2E06Fd068CA44220756d9FDeF65,0x2812C4ded0fe8F66DBc84a9d6597fdB3729fc697,0,0xd12cd942,"{'function_name': 'AcceptOffer', 'inputs': (<Function AcceptOffer()>, {})}"
2132,0x3931328a841ceab069e32d425123165a6bd8b2fe27341957fce43e83bdcfabe8,0x3F8306Adf9DDa2E06Fd068CA44220756d9FDeF65,0xC76125B54b9E6aFf51970Bde7455Af7A7485c771,0,0xd12cd942,"{'function_name': 'AcceptOffer', 'inputs': (<Function AcceptOffer()>, {})}"
2133,0x4dc9f80293754cecf1faf86f439a8c207c0ae6ed198334bb35698623dd6b166e,0x3F8306Adf9DDa2E06Fd068CA44220756d9FDeF65,0x12B6806719F531683ed283FCBBF5F11227c34Ce0,0,0xd12cd942,"{'function_name': 'AcceptOffer', 'inputs': (<Function AcceptOffer()>, {})}"
2134,0xa2cfa0883039cf76769ecb0554d7e66f2290457648982c94ce9620e09fe81677,0x64DFEAe370C5174B3595dBb1DC04651595b7Da37,0xcf75CfEcbBa89073579f0A80675494Cce752b967,0,0x85b44a2600000000000000000000000000000000000000000000000000000000000003c2,"{'function_name': 'AcceptOffer', 'inputs': (<Function AcceptOffer()>, {})}"
2135,0x28e85e39f3f1e82773b9630eec479a70ab530a35034594d11ca1fa91acaa93dd,0x3F8306Adf9DDa2E06Fd068CA44220756d9FDeF65,0xcf75CfEcbBa89073579f0A80675494Cce752b967,0,0xd12cd942,"{'function_name': 'MakeOffer', 'inputs': (<Function MakeOffer(int256)>, {'offerPrice': 962})}"
2136,0x2cfd8db858181e1e3efeda68a992ff0ca3e5ef443dcdd27a99bbfc7736da7e5c,0x0167a993B82feF5033645b2Bc345325646B3FDEd,0x79aC9279ab614e758028Def4142C241D812686c4,0,0x85b44a260000000000000000000000000000000000000000000000000000000000000045,"{'function_name': 'AcceptOffer', 'inputs': (<Function AcceptOffer()>, {})}"
2137,0xd901dd41a142d70633711517d3fb192f096bd203f205d5c54b224c7e0818e137,0x3F8306Adf9DDa2E06Fd068CA44220756d9FDeF65,0x79aC9279ab614e758028Def4142C241D812686c4,0,0xcba59827,"{'function_name': 'MakeOffer', 'inputs': (<Function MakeOffer(int256)>, {'offerPrice': 69})}"
2138,0x44896afb11bc172c66dac532877e07fc0d56d9c11de1811d1ff8625108317325,0x3F8306Adf9DDa2E06Fd068CA44220756d9FDeF65,0x79aC9279ab614e758028Def4142C241D812686c4,0,0xd12cd942,"{'function_name': 'Reject', 'inputs': (<Function Reject()>, {})}"
2139,0xe1a789b0b60f4e57f9739c61b390063e68b39d785cf639b36f90e366d49d2057,0x20E646cA24A51E324aD07644245a07fEed0426C2,0xF71e3D3b0dd1345368f6BD3e052C1b63CAA8aEFF,0,0x85b44a26000000000000000000000000000000000000000000000000000000000000006d,"{'function_name': 'AcceptOffer', 'inputs': (<Function AcceptOffer()>, {})}"
2140,0x38de1d25365eb922c6f587ff977bc70848c4bc654bdf436dafd7d376aa4df8e1,0x3F8306Adf9DDa2E06Fd068CA44220756d9FDeF65,0xF71e3D3b0dd1345368f6BD3e052C1b63CAA8aEFF,0,0xcba59827,"{'function_name': 'MakeOffer', 'inputs': (<Function MakeOffer(int256)>, {'offerPrice': 109})}"
2141,0xe1dbed6e94d4b6e730084ae2579ba3405cdd3b3471dbfd913571ec29ebefb54d,0x3F8306Adf9DDa2E06Fd068CA44220756d9FDeF65,0xF71e3D3b0dd1345368f6BD3e052C1b63CAA8aEFF,0,0xd12cd942,"{'function_name': 'Reject', 'inputs': (<Function Reject()>, {})}"
2142,0x04d0b5e318008dccc678eea2cf80b3de81408d71a4a089e7670150028d3e7c73,0x3F8306Adf9DDa2E06Fd068CA44220756d9FDeF65,0x62cB6b892a9a935d3fCcEA62d8b6F409b067C4a4,0,0xd12cd942,"{'function_name': 'AcceptOffer', 'inputs': (<Function AcceptOffer()>, {})}"
2143,0x6dce828d899554cbf7ec95368b1759183183f9716547b54b6f56b7a506da99f3,0x666474a318918123e27b9d6f1283528C88f97827,0x2Dd32dD7e7b455f6AFa0C9E16a189b7019e69ef1,0,0x85b44a260000000000000000000000000000000000000000000000000000000000000399,"{'function_name': 'AcceptOffer', 'inputs': (<Function AcceptOffer()>, {})}"
2144,0x45b13122804e6b6fc8f81cb99dcd38c774dd6d663126c5f5e66f7a2007a92e64,0x3F8306Adf9DDa2E06Fd068CA44220756d9FDeF65,0x2Dd32dD7e7b455f6AFa0C9E16a189b7019e69ef1,0,0xcba59827,"{'function_name': 'MakeOffer', 'inputs': (<Function MakeOffer(int256)>, {'offerPrice': 921})}"
2145,0x73f4d31d58206b92a3d6d804b3d0f85b5cb2fb8b419725c50ff661f730323eb9,0x606Ec1CA1C986462C52bDE7Bb7F694DB08c1Af72,0x2Dd32dD7e7b455f6AFa0C9E16a189b7019e69ef1,0,0x85b44a26000000000000000000000000000000000000000000000000000000000000000b,"{'function_name': 'Reject', 'inputs': (<Function Reject()>, {})}"
2146,0x5571c079ce1fd746e8606ba6eb1c3040ca0c6a34bf9a85af84c0387b623fce81,0x3F8306Adf9DDa2E06Fd068CA44220756d9FDeF65,0x2Dd32dD7e7b455f6AFa0C9E16a189b7019e69ef1,0,0xd12cd942,"{'function_name': 'MakeOffer', 'inputs': (<Function MakeOffer(int256)>, {'offerPrice': 11})}"
2147,0x8e1be061b4fa84489f12ad587130d847aa8a163df77a6de5344eb1a1192b9851,0x3F8306Adf9DDa2E06Fd068CA44220756d9FDeF65,0xa8B623A29aB2e2CC5c6853582F6353caD1586Ae9,0,0xd12cd942,"{'function_name': 'AcceptOffer', 'inputs': (<Function AcceptOffer()>, {})}"
2148,0x7776d71d244e86483ac3c049f5da619a620c12da2d24e5a3c2303f11b4fc4a13,0x3F8306Adf9DDa2E06Fd068CA44220756d9FDeF65,0xE2D48C95172c4dEDDfa1c65e10Ef1a39b87A7ceA,0,0xd12cd942,"{'function_name': 'AcceptOffer', 'inputs': (<Function AcceptOffer()>, {})}"
