Block Number,Tx Hash,From,To,Value,Data,Deocde_data
2528,0xf8802d834504c86398cda8a5fcda4ff574d81f1c6b03bb9fe18a34a3d22fe257,0x934e8d68E0b5B49054dad167564A4E044F4aDF58,0x14CEFB0449E5Bb70DA50f9F4d4c384768ecBCa9e,0,0xaf3465f6,"{'function_name': 'BuyItem', 'inputs': (<Function BuyItem()>, {})}"
2529,0xddf44be6a60d1e8ec236bb26f011362915fa28ca244ade86981f22c804c0d8ab,0x666474a318918123e27b9d6f1283528C88f97827,0x14CEFB0449E5Bb70DA50f9F4d4c384768ecBCa9e,0,0xaf3465f6,"{'function_name': 'BuyItem', 'inputs': (<Function BuyItem()>, {})}"
2534,0x4781ae1a7b3ed4821d9f096e62696c0b3b03ad31b73ce3e41a96a4b3618cdd85,0x934e8d68E0b5B49054dad167564A4E044F4aDF58,0x14CEFB0449E5Bb70DA50f9F4d4c384768ecBCa9e,0,0xaf3465f6,"{'function_name': 'BuyItem', 'inputs': (<Function BuyItem()>, {})}"
2535,0x22a8520e500f9e3ca02d7417cd4975bed3cc3a3d821abc6cebb3953e25174aae,0x666474a318918123e27b9d6f1283528C88f97827,0x14CEFB0449E5Bb70DA50f9F4d4c384768ecBCa9e,0,0xaf3465f6,"{'function_name': 'BuyItem', 'inputs': (<Function BuyItem()>, {})}"
2538,0x83498c7e554da3593ae4fd175172df83b830f9731dd3466e5f79900e66edf70a,0x666474a318918123e27b9d6f1283528C88f97827,0x14CEFB0449E5Bb70DA50f9F4d4c384768ecBCa9e,0,0xaf3465f6,"{'function_name': 'BuyItem', 'inputs': (<Function BuyItem()>, {})}"
