Block Number,Tx Hash,From,To,Value,Data,Deocde_data
2809,0x9237422474aa44432c595c0a383f69df8ea3f79fa7b63dc9d41dedb5065cb37a,0x666474a318918123e27b9d6f1283528C88f97827,0xD1D5F7b4310E15Ce1d0231bc93D2e6e6F0533b09,0,0xaf3465f6,"{'function_name': 'BuyItem', 'inputs': (<Function BuyItem()>, {})}"
2810,0x345155e8b5de391c597404e484c8b77867dfc68af27989985370cf7b7a51ed42,0x934e8d68E0b5B49054dad167564A4E044F4aDF58,0xD1D5F7b4310E15Ce1d0231bc93D2e6e6F0533b09,0,0xaf3465f6,"{'function_name': 'BuyItem', 'inputs': (<Function BuyItem()>, {})}"
2813,0x1b7169f62108d1025922242cb8c5c1ad6a89cfbe6ca459de3e5dec06559fdca7,0x934e8d68E0b5B49054dad167564A4E044F4aDF58,0xD1D5F7b4310E15Ce1d0231bc93D2e6e6F0533b09,0,0xaf3465f6,"{'function_name': 'BuyItem', 'inputs': (<Function BuyItem()>, {})}"
2814,0xb72029ad301bee57a8f5be844c4b2b9767051ce30f366de7fa9f5b83d7876563,0x934e8d68E0b5B49054dad167564A4E044F4aDF58,0xD1D5F7b4310E15Ce1d0231bc93D2e6e6F0533b09,0,0xaf3465f6,"{'function_name': 'BuyItem', 'inputs': (<Function BuyItem()>, {})}"
2821,0x3deeedd52321ed4345effe050a32d0a958ea0ae153f1e65184a44f0fa2a6b837,0x934e8d68E0b5B49054dad167564A4E044F4aDF58,0xD1D5F7b4310E15Ce1d0231bc93D2e6e6F0533b09,0,0xaf3465f6,"{'function_name': 'BuyItem', 'inputs': (<Function BuyItem()>, {})}"
