Block Number,Tx Hash,From,To,Value,Data,Deocde_data
411,0x820e3dadead7aa833d749b6f3d7052d04263a557466d442ceb3e0eadaaea3db4,0x35fA38D6e01F98B5e9f7672b0294177388BB381e,0x0a1c3554c82C65F33A49C1b3989c18c14Ed930c9,0,0xca8a09d40000000000000000000000000000000000000000000000000000000000000002,"{'function_name': 'FinishGame', 'inputs': (<Function FinishGame()>, {})}"
419,0xb1102a684e44c0240ad0caf566e3031188765b9a0b7fb2b006dd3d3c31d853b3,0x35fA38D6e01F98B5e9f7672b0294177388BB381e,0x0a1c3554c82C65F33A49C1b3989c18c14Ed930c9,0,0xca8a09d40000000000000000000000000000000000000000000000000000000000000011,"{'function_name': 'FinishGame', 'inputs': (<Function FinishGame()>, {})}"
425,0x4bd34df0593445b8ac4bfbf12c517c7fa8876157fb762ed7a03685b15759ae6a,0x35fA38D6e01F98B5e9f7672b0294177388BB381e,0x0a1c3554c82C65F33A49C1b3989c18c14Ed930c9,0,0xca8a09d4000000000000000000000000000000000000000000000000000000000000000c,"{'function_name': 'FinishGame', 'inputs': (<Function FinishGame()>, {})}"
428,0x911c981c08421acab13fedcb48a189166254f79c3d82c312541650231db80180,0x35fA38D6e01F98B5e9f7672b0294177388BB381e,0x0a1c3554c82C65F33A49C1b3989c18c14Ed930c9,0,0xca8a09d40000000000000000000000000000000000000000000000000000000000000006,"{'function_name': 'FinishGame', 'inputs': (<Function FinishGame()>, {})}"
438,0xf51849916e141b8d78f80da6898cbbda91f6229c9952bd28edef5265f8bc80f5,0x35fA38D6e01F98B5e9f7672b0294177388BB381e,0x0a1c3554c82C65F33A49C1b3989c18c14Ed930c9,0,0xca8a09d40000000000000000000000000000000000000000000000000000000000000003,"{'function_name': 'FinishGame', 'inputs': (<Function FinishGame()>, {})}"
442,0xe3726632fd10e6f0a38a0f01ec671ddca98b32a90b94df1e9c00322c4cd3e10a,0x35fA38D6e01F98B5e9f7672b0294177388BB381e,0x0a1c3554c82C65F33A49C1b3989c18c14Ed930c9,0,0xca8a09d40000000000000000000000000000000000000000000000000000000000000013,"{'function_name': 'FinishGame', 'inputs': (<Function FinishGame()>, {})}"
444,0x96c792d3ff85209f58879d85b1e53e772e93bba636f6541c818d807384a932fc,0x35fA38D6e01F98B5e9f7672b0294177388BB381e,0x0a1c3554c82C65F33A49C1b3989c18c14Ed930c9,0,0xca8a09d40000000000000000000000000000000000000000000000000000000000000006,"{'function_name': 'FinishGame', 'inputs': (<Function FinishGame()>, {})}"
448,0x899e98e8777d8e3d06227778bd0172eec8fb2ac06731309bee993187f6fb927b,0x35fA38D6e01F98B5e9f7672b0294177388BB381e,0x0a1c3554c82C65F33A49C1b3989c18c14Ed930c9,0,0xca8a09d40000000000000000000000000000000000000000000000000000000000000010,"{'function_name': 'FinishGame', 'inputs': (<Function FinishGame()>, {})}"
451,0x0ad86f97e90ff8dc4ac3f585c6fbdd2c2d0a0d70082e0d4b1f11758f80a120b3,0x35fA38D6e01F98B5e9f7672b0294177388BB381e,0x0a1c3554c82C65F33A49C1b3989c18c14Ed930c9,0,0xca8a09d4000000000000000000000000000000000000000000000000000000000000000f,"{'function_name': 'FinishGame', 'inputs': (<Function FinishGame()>, {})}"
453,0x68300f2aa836169ec0f95ca4b8dcf373d8ab564d923a8d89163f07d4c145805d,0x35fA38D6e01F98B5e9f7672b0294177388BB381e,0x0a1c3554c82C65F33A49C1b3989c18c14Ed930c9,0,0xca8a09d40000000000000000000000000000000000000000000000000000000000000013,"{'function_name': 'FinishGame', 'inputs': (<Function FinishGame()>, {})}"
455,0xad3b69fdc9185c0b92bd431e106c1d3e97c89b6f24de7202ce7f98bda92f8bc6,0x35fA38D6e01F98B5e9f7672b0294177388BB381e,0x0a1c3554c82C65F33A49C1b3989c18c14Ed930c9,0,0xca8a09d40000000000000000000000000000000000000000000000000000000000000013,"{'function_name': 'FinishGame', 'inputs': (<Function FinishGame()>, {})}"
457,0x8fa0bc1f3c230498925ba457efac89a274ae44b9fe570e0f7dd43518b18d8c7e,0x35fA38D6e01F98B5e9f7672b0294177388BB381e,0x0a1c3554c82C65F33A49C1b3989c18c14Ed930c9,0,0xca8a09d40000000000000000000000000000000000000000000000000000000000000007,"{'function_name': 'FinishGame', 'inputs': (<Function FinishGame()>, {})}"
460,0x7f622444f580847faf62afa1ccfa026f1c58a99ea6fe922132bcd097fc806dc7,0x35fA38D6e01F98B5e9f7672b0294177388BB381e,0x0a1c3554c82C65F33A49C1b3989c18c14Ed930c9,0,0xca8a09d4000000000000000000000000000000000000000000000000000000000000000e,"{'function_name': 'FinishGame', 'inputs': (<Function FinishGame()>, {})}"
462,0xb695e35d7fae6580963bcb58efb88a29e05dcdab702896762e20f0da3a729a8a,0x35fA38D6e01F98B5e9f7672b0294177388BB381e,0x0a1c3554c82C65F33A49C1b3989c18c14Ed930c9,0,0xca8a09d40000000000000000000000000000000000000000000000000000000000000004,"{'function_name': 'FinishGame', 'inputs': (<Function FinishGame()>, {})}"
466,0x59cb23558d094fb767116ab6d81cd5689c5ff31f39f6a9f44f6cb4244819ade4,0x35fA38D6e01F98B5e9f7672b0294177388BB381e,0x0a1c3554c82C65F33A49C1b3989c18c14Ed930c9,0,0xca8a09d4000000000000000000000000000000000000000000000000000000000000000c,"{'function_name': 'FinishGame', 'inputs': (<Function FinishGame()>, {})}"
468,0x1ffabf86482a8e07578e2cb750c35205e987843e9e05d75405b48fa10e78740a,0x35fA38D6e01F98B5e9f7672b0294177388BB381e,0x0a1c3554c82C65F33A49C1b3989c18c14Ed930c9,0,0xca8a09d40000000000000000000000000000000000000000000000000000000000000012,"{'function_name': 'FinishGame', 'inputs': (<Function FinishGame()>, {})}"
470,0xbc9b85cae8437ea4804b39384fae447d4f9f4ca7440f3215040fdd6e6e598f69,0x35fA38D6e01F98B5e9f7672b0294177388BB381e,0x0a1c3554c82C65F33A49C1b3989c18c14Ed930c9,0,0xca8a09d4000000000000000000000000000000000000000000000000000000000000000e,"{'function_name': 'FinishGame', 'inputs': (<Function FinishGame()>, {})}"
475,0x90757007fd8c9ad7da6fe35d29f35f3bdc40f86cae2b6ec0547841110642084a,0x35fA38D6e01F98B5e9f7672b0294177388BB381e,0x0a1c3554c82C65F33A49C1b3989c18c14Ed930c9,0,0xca8a09d40000000000000000000000000000000000000000000000000000000000000003,"{'function_name': 'FinishGame', 'inputs': (<Function FinishGame()>, {})}"
478,0xbf007a3145ba28b0c837490eefb28a786f465948b21315203a972c1ce8bef5b1,0x35fA38D6e01F98B5e9f7672b0294177388BB381e,0x0a1c3554c82C65F33A49C1b3989c18c14Ed930c9,0,0xca8a09d40000000000000000000000000000000000000000000000000000000000000006,"{'function_name': 'FinishGame', 'inputs': (<Function FinishGame()>, {})}"
480,0x851a78ef70b0c67a9a1ad635bfb1c23572f4b65276523e12dea8ac1b3a938d55,0x35fA38D6e01F98B5e9f7672b0294177388BB381e,0x0a1c3554c82C65F33A49C1b3989c18c14Ed930c9,0,0xca8a09d40000000000000000000000000000000000000000000000000000000000000007,"{'function_name': 'FinishGame', 'inputs': (<Function FinishGame()>, {})}"
486,0xcd77d88dec51b53667f7fafab367dbdaf099a4a87c735486bc31b144dd174610,0x35fA38D6e01F98B5e9f7672b0294177388BB381e,0x0a1c3554c82C65F33A49C1b3989c18c14Ed930c9,0,0xca8a09d40000000000000000000000000000000000000000000000000000000000000006,"{'function_name': 'FinishGame', 'inputs': (<Function FinishGame()>, {})}"
488,0x1001838e4d1c968c7e52e053e50fcd2f03a8b7c15d053e52aa0707c3d70be669,0x35fA38D6e01F98B5e9f7672b0294177388BB381e,0x0a1c3554c82C65F33A49C1b3989c18c14Ed930c9,0,0xca8a09d40000000000000000000000000000000000000000000000000000000000000005,"{'function_name': 'FinishGame', 'inputs': (<Function FinishGame()>, {})}"
494,0x0db194a45477cccc822fb16b8590314da86604e310e4d12e0389c11008813923,0x35fA38D6e01F98B5e9f7672b0294177388BB381e,0x0a1c3554c82C65F33A49C1b3989c18c14Ed930c9,0,0xca8a09d40000000000000000000000000000000000000000000000000000000000000001,"{'function_name': 'FinishGame', 'inputs': (<Function FinishGame()>, {})}"
499,0x57ce367525b2999509eda922df0b3e78f896906d885d175b09cd29b236ed56b4,0x35fA38D6e01F98B5e9f7672b0294177388BB381e,0x0a1c3554c82C65F33A49C1b3989c18c14Ed930c9,0,0xca8a09d40000000000000000000000000000000000000000000000000000000000000001,"{'function_name': 'FinishGame', 'inputs': (<Function FinishGame()>, {})}"
504,0xe31bb37d97824d7143b6fc82a51ce5646ea5769a266971ec7710bf6768dd6cdc,0x35fA38D6e01F98B5e9f7672b0294177388BB381e,0x0a1c3554c82C65F33A49C1b3989c18c14Ed930c9,0,0xca8a09d40000000000000000000000000000000000000000000000000000000000000004,"{'function_name': 'FinishGame', 'inputs': (<Function FinishGame()>, {})}"
506,0x0c9debbfe89d2c0597fffaea9acd87b614ddd6cbfbb6596f57965e66ea7184e3,0x35fA38D6e01F98B5e9f7672b0294177388BB381e,0x0a1c3554c82C65F33A49C1b3989c18c14Ed930c9,0,0xca8a09d40000000000000000000000000000000000000000000000000000000000000014,"{'function_name': 'FinishGame', 'inputs': (<Function FinishGame()>, {})}"
511,0x35d2d3053735887a553fded56dc8e993635ed3922d57896fe87fad469f4759cd,0x35fA38D6e01F98B5e9f7672b0294177388BB381e,0x0a1c3554c82C65F33A49C1b3989c18c14Ed930c9,0,0xca8a09d40000000000000000000000000000000000000000000000000000000000000003,"{'function_name': 'FinishGame', 'inputs': (<Function FinishGame()>, {})}"
513,0x6bf786ec677b997bd853e234c826cb97b68b689f9c3d7cb6d53f0656b9f797a2,0x35fA38D6e01F98B5e9f7672b0294177388BB381e,0x0a1c3554c82C65F33A49C1b3989c18c14Ed930c9,0,0xca8a09d4000000000000000000000000000000000000000000000000000000000000000e,"{'function_name': 'FinishGame', 'inputs': (<Function FinishGame()>, {})}"
515,0x38aea9f142de6800d0665f204c7820bc44dbf3800deed79ec958ab876e514890,0x35fA38D6e01F98B5e9f7672b0294177388BB381e,0x0a1c3554c82C65F33A49C1b3989c18c14Ed930c9,0,0xca8a09d40000000000000000000000000000000000000000000000000000000000000009,"{'function_name': 'FinishGame', 'inputs': (<Function FinishGame()>, {})}"
528,0x516f4c4175df1ef5d8048968e3bf3efd5e7404cea78fa5f8a8e0ee93f65e7606,0x35fA38D6e01F98B5e9f7672b0294177388BB381e,0x0a1c3554c82C65F33A49C1b3989c18c14Ed930c9,0,0xca8a09d40000000000000000000000000000000000000000000000000000000000000013,"{'function_name': 'FinishGame', 'inputs': (<Function FinishGame()>, {})}"
534,0x17493e61b5217c220fb47cd9b39031fc99af392e04932c162dd25be76c0adcb5,0x35fA38D6e01F98B5e9f7672b0294177388BB381e,0x0a1c3554c82C65F33A49C1b3989c18c14Ed930c9,0,0xca8a09d4000000000000000000000000000000000000000000000000000000000000000a,"{'function_name': 'FinishGame', 'inputs': (<Function FinishGame()>, {})}"
536,0x27960f1451957ff73da212777f5e0ea1c030a343e11574f0ca928ae070620e87,0x35fA38D6e01F98B5e9f7672b0294177388BB381e,0x0a1c3554c82C65F33A49C1b3989c18c14Ed930c9,0,0xca8a09d4000000000000000000000000000000000000000000000000000000000000000a,"{'function_name': 'FinishGame', 'inputs': (<Function FinishGame()>, {})}"
538,0xdbee3fd674d8824d1e4149c72f2789f17f467b8283d64aa14e989792d7215966,0x35fA38D6e01F98B5e9f7672b0294177388BB381e,0x0a1c3554c82C65F33A49C1b3989c18c14Ed930c9,0,0xca8a09d40000000000000000000000000000000000000000000000000000000000000012,"{'function_name': 'FinishGame', 'inputs': (<Function FinishGame()>, {})}"
540,0x53fbc0f7874f6e5f63106590d043ea20997c8d5a6ad8b3f62b74e61875d706dd,0x35fA38D6e01F98B5e9f7672b0294177388BB381e,0x0a1c3554c82C65F33A49C1b3989c18c14Ed930c9,0,0xca8a09d40000000000000000000000000000000000000000000000000000000000000008,"{'function_name': 'FinishGame', 'inputs': (<Function FinishGame()>, {})}"
542,0x50f55e9ef42d51cc5a9ab4129b45b6d029559afd3158658bcf8d35b1815d8242,0x35fA38D6e01F98B5e9f7672b0294177388BB381e,0x0a1c3554c82C65F33A49C1b3989c18c14Ed930c9,0,0xca8a09d40000000000000000000000000000000000000000000000000000000000000011,"{'function_name': 'FinishGame', 'inputs': (<Function FinishGame()>, {})}"
544,0xda300371d0ed719e2c4d9ddbc1d91a1e38be430e8266e02ba31efdfe41cc5caa,0x35fA38D6e01F98B5e9f7672b0294177388BB381e,0x0a1c3554c82C65F33A49C1b3989c18c14Ed930c9,0,0xca8a09d40000000000000000000000000000000000000000000000000000000000000014,"{'function_name': 'FinishGame', 'inputs': (<Function FinishGame()>, {})}"
548,0x62079ea18b42ffe0bb653701db092fc1cddd90b34e9355d721d4ea414468ce69,0x35fA38D6e01F98B5e9f7672b0294177388BB381e,0x0a1c3554c82C65F33A49C1b3989c18c14Ed930c9,0,0xca8a09d4000000000000000000000000000000000000000000000000000000000000000a,"{'function_name': 'FinishGame', 'inputs': (<Function FinishGame()>, {})}"
552,0x03f1244fe380b35c4d36eaaa990ed72d1ba82120d0499e2184625d13911b9208,0x35fA38D6e01F98B5e9f7672b0294177388BB381e,0x0a1c3554c82C65F33A49C1b3989c18c14Ed930c9,0,0xca8a09d40000000000000000000000000000000000000000000000000000000000000009,"{'function_name': 'FinishGame', 'inputs': (<Function FinishGame()>, {})}"
555,0xe359d4fd455cd39974c016f445406171dde227dc017171ac8de56ad07d64e620,0x35fA38D6e01F98B5e9f7672b0294177388BB381e,0x0a1c3554c82C65F33A49C1b3989c18c14Ed930c9,0,0xca8a09d40000000000000000000000000000000000000000000000000000000000000008,"{'function_name': 'FinishGame', 'inputs': (<Function FinishGame()>, {})}"
557,0x5754936599967c985ae5e443cb4fd63ca4ec87bbc6284122f54bee71c274e576,0x35fA38D6e01F98B5e9f7672b0294177388BB381e,0x0a1c3554c82C65F33A49C1b3989c18c14Ed930c9,0,0xca8a09d40000000000000000000000000000000000000000000000000000000000000004,"{'function_name': 'FinishGame', 'inputs': (<Function FinishGame()>, {})}"
559,0x83a38cc89d546c5a426ac229d295143258fd899436bac455d6bb365c6ea1b947,0x35fA38D6e01F98B5e9f7672b0294177388BB381e,0x0a1c3554c82C65F33A49C1b3989c18c14Ed930c9,0,0xca8a09d40000000000000000000000000000000000000000000000000000000000000004,"{'function_name': 'FinishGame', 'inputs': (<Function FinishGame()>, {})}"
561,0x1581c1d3540ff1813a11eae0c5d5049a8bd9e19587488d983dde91da371f5baf,0x35fA38D6e01F98B5e9f7672b0294177388BB381e,0x0a1c3554c82C65F33A49C1b3989c18c14Ed930c9,0,0xca8a09d40000000000000000000000000000000000000000000000000000000000000006,"{'function_name': 'FinishGame', 'inputs': (<Function FinishGame()>, {})}"
563,0x137fa721bb637184c987e7a9342517a0ba0f08bd4029ece9b9631c1be7f2375e,0x35fA38D6e01F98B5e9f7672b0294177388BB381e,0x0a1c3554c82C65F33A49C1b3989c18c14Ed930c9,0,0xca8a09d40000000000000000000000000000000000000000000000000000000000000004,"{'function_name': 'FinishGame', 'inputs': (<Function FinishGame()>, {})}"
565,0x99fa8b4e13dcf88bb2f2d1bb8351de2b6bb9c4b209385ff564b63b49ae418e86,0x35fA38D6e01F98B5e9f7672b0294177388BB381e,0x0a1c3554c82C65F33A49C1b3989c18c14Ed930c9,0,0xca8a09d40000000000000000000000000000000000000000000000000000000000000009,"{'function_name': 'FinishGame', 'inputs': (<Function FinishGame()>, {})}"
568,0x9ce8cb5204e3514ea4ab205baa2e28dc1e120811cfd15c9e33078bf1a4e5b72e,0x35fA38D6e01F98B5e9f7672b0294177388BB381e,0x0a1c3554c82C65F33A49C1b3989c18c14Ed930c9,0,0xca8a09d4000000000000000000000000000000000000000000000000000000000000000f,"{'function_name': 'FinishGame', 'inputs': (<Function FinishGame()>, {})}"
574,0xbfc4e3662e68ec4e13a9c2884eec335d063dc64d818a2978a083a9afa2d1580c,0x35fA38D6e01F98B5e9f7672b0294177388BB381e,0x0a1c3554c82C65F33A49C1b3989c18c14Ed930c9,0,0xca8a09d40000000000000000000000000000000000000000000000000000000000000008,"{'function_name': 'FinishGame', 'inputs': (<Function FinishGame()>, {})}"
580,0xa80975d5c86b82b23655e69ab6d3e565363840488774013c11f529b1561d5b26,0x35fA38D6e01F98B5e9f7672b0294177388BB381e,0x0a1c3554c82C65F33A49C1b3989c18c14Ed930c9,0,0xca8a09d4000000000000000000000000000000000000000000000000000000000000000e,"{'function_name': 'FinishGame', 'inputs': (<Function FinishGame()>, {})}"
582,0x7412d54d7d8e00c346985be5fe6350dde0e6fdbc4b5eee22aa0bafd4995a30c3,0x35fA38D6e01F98B5e9f7672b0294177388BB381e,0x0a1c3554c82C65F33A49C1b3989c18c14Ed930c9,0,0xca8a09d40000000000000000000000000000000000000000000000000000000000000013,"{'function_name': 'FinishGame', 'inputs': (<Function FinishGame()>, {})}"
584,0xb220484ae9286ea636c8ca1a074b6f621a2fd6af9405a07bc6476d0716bd0a0a,0x35fA38D6e01F98B5e9f7672b0294177388BB381e,0x0a1c3554c82C65F33A49C1b3989c18c14Ed930c9,0,0xca8a09d40000000000000000000000000000000000000000000000000000000000000009,"{'function_name': 'FinishGame', 'inputs': (<Function FinishGame()>, {})}"
586,0x176ddf26fffc8746e50a14af369a348471cc802788e149a950a6d57550512796,0x35fA38D6e01F98B5e9f7672b0294177388BB381e,0x0a1c3554c82C65F33A49C1b3989c18c14Ed930c9,0,0xca8a09d40000000000000000000000000000000000000000000000000000000000000010,"{'function_name': 'FinishGame', 'inputs': (<Function FinishGame()>, {})}"
599,0x6404dfd23a6ae13e41f6a50e5de86ba5cc23d77d3e3030edfd6e4e4349cd6053,0x35fA38D6e01F98B5e9f7672b0294177388BB381e,0x0a1c3554c82C65F33A49C1b3989c18c14Ed930c9,0,0xca8a09d40000000000000000000000000000000000000000000000000000000000000002,"{'function_name': 'FinishGame', 'inputs': (<Function FinishGame()>, {})}"
601,0x8cb4bb35bde5822fd4ec4e5f7d9fd232cc21902a06c7459844dfce259f6e3177,0x35fA38D6e01F98B5e9f7672b0294177388BB381e,0x0a1c3554c82C65F33A49C1b3989c18c14Ed930c9,0,0xca8a09d40000000000000000000000000000000000000000000000000000000000000014,"{'function_name': 'FinishGame', 'inputs': (<Function FinishGame()>, {})}"
606,0x7779d1599b3490e4e5ea0d8f8a5da3b712390aa4b37504049fabe0f210f5908c,0x35fA38D6e01F98B5e9f7672b0294177388BB381e,0x0a1c3554c82C65F33A49C1b3989c18c14Ed930c9,0,0xca8a09d4000000000000000000000000000000000000000000000000000000000000000c,"{'function_name': 'FinishGame', 'inputs': (<Function FinishGame()>, {})}"
609,0xa3abbe554c47dc61cbdf68b00cec5f3fb45c71cd1d4cb7f413a25b174764bea1,0x35fA38D6e01F98B5e9f7672b0294177388BB381e,0x0a1c3554c82C65F33A49C1b3989c18c14Ed930c9,0,0xca8a09d40000000000000000000000000000000000000000000000000000000000000005,"{'function_name': 'FinishGame', 'inputs': (<Function FinishGame()>, {})}"
615,0x8e174628135d0466cf64c782b1161446f075f3639e969eb2f6660a7e82714e15,0x35fA38D6e01F98B5e9f7672b0294177388BB381e,0x0a1c3554c82C65F33A49C1b3989c18c14Ed930c9,0,0xca8a09d40000000000000000000000000000000000000000000000000000000000000009,"{'function_name': 'FinishGame', 'inputs': (<Function FinishGame()>, {})}"
622,0x911c96bbb7729062628eb9407aa11ec32ac27dc95942b231b17c71e56cd56547,0x35fA38D6e01F98B5e9f7672b0294177388BB381e,0x0a1c3554c82C65F33A49C1b3989c18c14Ed930c9,0,0xca8a09d40000000000000000000000000000000000000000000000000000000000000006,"{'function_name': 'FinishGame', 'inputs': (<Function FinishGame()>, {})}"
628,0x5d917179999f36be95ab35a043b3f2ecc3ee0e8af98b46a06db295c0dc03c6b6,0x35fA38D6e01F98B5e9f7672b0294177388BB381e,0x0a1c3554c82C65F33A49C1b3989c18c14Ed930c9,0,0xca8a09d40000000000000000000000000000000000000000000000000000000000000005,"{'function_name': 'FinishGame', 'inputs': (<Function FinishGame()>, {})}"
630,0x0b2fe932c25d52672959a138f5bd990a5d9bce94cf05cfd890b82982c2bb2fa4,0x35fA38D6e01F98B5e9f7672b0294177388BB381e,0x0a1c3554c82C65F33A49C1b3989c18c14Ed930c9,0,0xca8a09d40000000000000000000000000000000000000000000000000000000000000011,"{'function_name': 'FinishGame', 'inputs': (<Function FinishGame()>, {})}"
632,0x258ebb391589dae22ded3d144ec8992aa42d5db0cb96fc48de703ba1f386501e,0x35fA38D6e01F98B5e9f7672b0294177388BB381e,0x0a1c3554c82C65F33A49C1b3989c18c14Ed930c9,0,0xca8a09d4000000000000000000000000000000000000000000000000000000000000000e,"{'function_name': 'FinishGame', 'inputs': (<Function FinishGame()>, {})}"
635,0x58b1fe8ff250e3a3a1e1396e5fe3f180e50987ac6ebeb363a8dcdc3875a5b805,0x35fA38D6e01F98B5e9f7672b0294177388BB381e,0x0a1c3554c82C65F33A49C1b3989c18c14Ed930c9,0,0xca8a09d4000000000000000000000000000000000000000000000000000000000000000a,"{'function_name': 'FinishGame', 'inputs': (<Function FinishGame()>, {})}"
638,0x632db010137448f8430cca12a7b128469bbecb26c0f777bc76d7e98acddc421a,0x35fA38D6e01F98B5e9f7672b0294177388BB381e,0x0a1c3554c82C65F33A49C1b3989c18c14Ed930c9,0,0xca8a09d40000000000000000000000000000000000000000000000000000000000000008,"{'function_name': 'FinishGame', 'inputs': (<Function FinishGame()>, {})}"
641,0x234b62b8804d9c090cd7800941f807eb5388056f3db7ef79f55da142c2dedf40,0x35fA38D6e01F98B5e9f7672b0294177388BB381e,0x0a1c3554c82C65F33A49C1b3989c18c14Ed930c9,0,0xca8a09d40000000000000000000000000000000000000000000000000000000000000014,"{'function_name': 'FinishGame', 'inputs': (<Function FinishGame()>, {})}"
646,0x038d825a4eba3ac62088b5c12c4630b9e352bbb20bc848c96d0d5e68e4e314fb,0x35fA38D6e01F98B5e9f7672b0294177388BB381e,0x0a1c3554c82C65F33A49C1b3989c18c14Ed930c9,0,0xca8a09d4000000000000000000000000000000000000000000000000000000000000000f,"{'function_name': 'FinishGame', 'inputs': (<Function FinishGame()>, {})}"
649,0x2fc9cd0ca3a65f6eff28e25a63cb22b9d3d59cb18b5b42cdb5e0fc3dcb3156af,0x35fA38D6e01F98B5e9f7672b0294177388BB381e,0x0a1c3554c82C65F33A49C1b3989c18c14Ed930c9,0,0xca8a09d40000000000000000000000000000000000000000000000000000000000000009,"{'function_name': 'FinishGame', 'inputs': (<Function FinishGame()>, {})}"
651,0xa6831719236eb7b02e8994887f3547ed5f9617de098d3532f7dd6ab4f0cb2c37,0x35fA38D6e01F98B5e9f7672b0294177388BB381e,0x0a1c3554c82C65F33A49C1b3989c18c14Ed930c9,0,0xca8a09d4000000000000000000000000000000000000000000000000000000000000000d,"{'function_name': 'FinishGame', 'inputs': (<Function FinishGame()>, {})}"
662,0xd6f7563a096edebb696a8a85ee763e19053e7b0b08cf3206d574606df3debe8f,0x35fA38D6e01F98B5e9f7672b0294177388BB381e,0x0a1c3554c82C65F33A49C1b3989c18c14Ed930c9,0,0xca8a09d40000000000000000000000000000000000000000000000000000000000000009,"{'function_name': 'FinishGame', 'inputs': (<Function FinishGame()>, {})}"
664,0xf4f339c30a4f2f279418763b7426bee2b607020521687f72848bbf9953fac39b,0x35fA38D6e01F98B5e9f7672b0294177388BB381e,0x0a1c3554c82C65F33A49C1b3989c18c14Ed930c9,0,0xca8a09d4000000000000000000000000000000000000000000000000000000000000000d,"{'function_name': 'FinishGame', 'inputs': (<Function FinishGame()>, {})}"
666,0x2787e0fc0853a89a02936feb799f951373a5c2e84f5f6912579eb609bca599d3,0x35fA38D6e01F98B5e9f7672b0294177388BB381e,0x0a1c3554c82C65F33A49C1b3989c18c14Ed930c9,0,0xca8a09d40000000000000000000000000000000000000000000000000000000000000005,"{'function_name': 'FinishGame', 'inputs': (<Function FinishGame()>, {})}"
670,0xff8f815d16b5d0c7f6ef2c22849c98a9b4bcd7588656b02b9a1f0928f3869751,0x35fA38D6e01F98B5e9f7672b0294177388BB381e,0x0a1c3554c82C65F33A49C1b3989c18c14Ed930c9,0,0xca8a09d40000000000000000000000000000000000000000000000000000000000000006,"{'function_name': 'FinishGame', 'inputs': (<Function FinishGame()>, {})}"
675,0xe75d5b29135172623a6e88e7cfc7b5685404a7ddee4b70a5eb309f1c5858e506,0x35fA38D6e01F98B5e9f7672b0294177388BB381e,0x0a1c3554c82C65F33A49C1b3989c18c14Ed930c9,0,0xca8a09d40000000000000000000000000000000000000000000000000000000000000012,"{'function_name': 'FinishGame', 'inputs': (<Function FinishGame()>, {})}"
686,0x25a4905954f6d3a7a94c60314fbb4c70923844cb1f76205bef333aee96efea03,0x35fA38D6e01F98B5e9f7672b0294177388BB381e,0x0a1c3554c82C65F33A49C1b3989c18c14Ed930c9,0,0xca8a09d4000000000000000000000000000000000000000000000000000000000000000d,"{'function_name': 'FinishGame', 'inputs': (<Function FinishGame()>, {})}"
690,0x559d5a32dc4c2764d17ea5b3dbf2c4a40b8240e54f74eddd8d3bc447662058b0,0x35fA38D6e01F98B5e9f7672b0294177388BB381e,0x0a1c3554c82C65F33A49C1b3989c18c14Ed930c9,0,0xca8a09d40000000000000000000000000000000000000000000000000000000000000013,"{'function_name': 'FinishGame', 'inputs': (<Function FinishGame()>, {})}"
694,0xd793c39f930ce5f61bf00f107589a3a1d9203f06990974997ad2a3c8ac5a7c8c,0x35fA38D6e01F98B5e9f7672b0294177388BB381e,0x0a1c3554c82C65F33A49C1b3989c18c14Ed930c9,0,0xca8a09d4000000000000000000000000000000000000000000000000000000000000000d,"{'function_name': 'FinishGame', 'inputs': (<Function FinishGame()>, {})}"
697,0x07b158d3afb1e4077661fc822c945f77d8f647e2b05de9f42b8868503d12bb41,0x35fA38D6e01F98B5e9f7672b0294177388BB381e,0x0a1c3554c82C65F33A49C1b3989c18c14Ed930c9,0,0xca8a09d4000000000000000000000000000000000000000000000000000000000000000e,"{'function_name': 'FinishGame', 'inputs': (<Function FinishGame()>, {})}"
699,0xa3c67a855f7e2f008533267d189ce40ad84c1fe0a9993e8141e46c4d73e7f28f,0x35fA38D6e01F98B5e9f7672b0294177388BB381e,0x0a1c3554c82C65F33A49C1b3989c18c14Ed930c9,0,0xca8a09d40000000000000000000000000000000000000000000000000000000000000012,"{'function_name': 'FinishGame', 'inputs': (<Function FinishGame()>, {})}"
713,0xfaf5209a700df5b3d1ab265d22a14baa27378d82180ed3512345f9fc308516a2,0x35fA38D6e01F98B5e9f7672b0294177388BB381e,0x0a1c3554c82C65F33A49C1b3989c18c14Ed930c9,0,0xca8a09d40000000000000000000000000000000000000000000000000000000000000006,"{'function_name': 'FinishGame', 'inputs': (<Function FinishGame()>, {})}"
715,0x09ae9307aee85879500fc69390548930aa484627505c3d62ffe081186da6d6d4,0x35fA38D6e01F98B5e9f7672b0294177388BB381e,0x0a1c3554c82C65F33A49C1b3989c18c14Ed930c9,0,0xca8a09d40000000000000000000000000000000000000000000000000000000000000012,"{'function_name': 'FinishGame', 'inputs': (<Function FinishGame()>, {})}"
721,0x0bc5e36d484e08711756fcde0b65103962599ae067d86d51b7fcacf337ea7312,0x35fA38D6e01F98B5e9f7672b0294177388BB381e,0x0a1c3554c82C65F33A49C1b3989c18c14Ed930c9,0,0xca8a09d40000000000000000000000000000000000000000000000000000000000000010,"{'function_name': 'FinishGame', 'inputs': (<Function FinishGame()>, {})}"
723,0x0049280f52511e3099637ff07e105db2e656a88854357ff47d5cd9b909fa3870,0x35fA38D6e01F98B5e9f7672b0294177388BB381e,0x0a1c3554c82C65F33A49C1b3989c18c14Ed930c9,0,0xca8a09d40000000000000000000000000000000000000000000000000000000000000013,"{'function_name': 'FinishGame', 'inputs': (<Function FinishGame()>, {})}"
727,0xcfef4bc4b3ef707ab4deb1ea13bdbceff88c26c2e12b1edc1069dadf79a7e8ea,0x35fA38D6e01F98B5e9f7672b0294177388BB381e,0x0a1c3554c82C65F33A49C1b3989c18c14Ed930c9,0,0xca8a09d40000000000000000000000000000000000000000000000000000000000000011,"{'function_name': 'FinishGame', 'inputs': (<Function FinishGame()>, {})}"
730,0x7c3bce23d3ab93d29b8296fd59d10d694d5c827af0343f766ae4183a9f4c6bee,0x35fA38D6e01F98B5e9f7672b0294177388BB381e,0x0a1c3554c82C65F33A49C1b3989c18c14Ed930c9,0,0xca8a09d4000000000000000000000000000000000000000000000000000000000000000f,"{'function_name': 'FinishGame', 'inputs': (<Function FinishGame()>, {})}"
733,0xf1b4039be3e0892ee664bf4d504f6363575ffa9d2f3e4fab34973317d013c93a,0x35fA38D6e01F98B5e9f7672b0294177388BB381e,0x0a1c3554c82C65F33A49C1b3989c18c14Ed930c9,0,0xca8a09d40000000000000000000000000000000000000000000000000000000000000013,"{'function_name': 'FinishGame', 'inputs': (<Function FinishGame()>, {})}"
737,0x656dc8ade18bbf670316a97f59f9d7be749d984f613d5d05973c217ba1895c77,0x35fA38D6e01F98B5e9f7672b0294177388BB381e,0x0a1c3554c82C65F33A49C1b3989c18c14Ed930c9,0,0xca8a09d40000000000000000000000000000000000000000000000000000000000000012,"{'function_name': 'FinishGame', 'inputs': (<Function FinishGame()>, {})}"
740,0x1619f74a6b791128011cff08e12ff078548dbe84cce8b16300fcafec30ca5576,0x35fA38D6e01F98B5e9f7672b0294177388BB381e,0x0a1c3554c82C65F33A49C1b3989c18c14Ed930c9,0,0xca8a09d40000000000000000000000000000000000000000000000000000000000000003,"{'function_name': 'FinishGame', 'inputs': (<Function FinishGame()>, {})}"
743,0xf0fa11478fb869644ae7c595f4a11f059d2db941862efc84ba524c2f89019828,0x35fA38D6e01F98B5e9f7672b0294177388BB381e,0x0a1c3554c82C65F33A49C1b3989c18c14Ed930c9,0,0xca8a09d40000000000000000000000000000000000000000000000000000000000000007,"{'function_name': 'FinishGame', 'inputs': (<Function FinishGame()>, {})}"
751,0x7563f5030d42a8c302df498054bdffe24111e590bb2f082a6a996df51eb81796,0x35fA38D6e01F98B5e9f7672b0294177388BB381e,0x0a1c3554c82C65F33A49C1b3989c18c14Ed930c9,0,0xca8a09d4000000000000000000000000000000000000000000000000000000000000000c,"{'function_name': 'FinishGame', 'inputs': (<Function FinishGame()>, {})}"
762,0x53c2d2b01a3b90d3218aa5b62b6c8a25bccaa9bf257fe85f25c61b3c3ff3f75e,0x35fA38D6e01F98B5e9f7672b0294177388BB381e,0x0a1c3554c82C65F33A49C1b3989c18c14Ed930c9,0,0xca8a09d40000000000000000000000000000000000000000000000000000000000000006,"{'function_name': 'FinishGame', 'inputs': (<Function FinishGame()>, {})}"
767,0x4e4deb72eac0194851cc7ed55606cc43d7744954e1fcfccbfa4164a6ef7b3df8,0x35fA38D6e01F98B5e9f7672b0294177388BB381e,0x0a1c3554c82C65F33A49C1b3989c18c14Ed930c9,0,0xca8a09d40000000000000000000000000000000000000000000000000000000000000011,"{'function_name': 'FinishGame', 'inputs': (<Function FinishGame()>, {})}"
770,0xda64811ee84ef9947627ee1b3b3a4041e8479f828e181d2af62081de318895ea,0x35fA38D6e01F98B5e9f7672b0294177388BB381e,0x0a1c3554c82C65F33A49C1b3989c18c14Ed930c9,0,0xca8a09d40000000000000000000000000000000000000000000000000000000000000005,"{'function_name': 'FinishGame', 'inputs': (<Function FinishGame()>, {})}"
776,0x3988759e60bcf52e850de8684da260896ef187c4f8bc9dfdedcd202b9fd34f04,0x35fA38D6e01F98B5e9f7672b0294177388BB381e,0x0a1c3554c82C65F33A49C1b3989c18c14Ed930c9,0,0xca8a09d40000000000000000000000000000000000000000000000000000000000000012,"{'function_name': 'FinishGame', 'inputs': (<Function FinishGame()>, {})}"
780,0xaf9e86efc72a6fa0e1cf5b36c89c5d590f8ed326266307fbbcd02080d1364a30,0x35fA38D6e01F98B5e9f7672b0294177388BB381e,0x0a1c3554c82C65F33A49C1b3989c18c14Ed930c9,0,0xca8a09d40000000000000000000000000000000000000000000000000000000000000012,"{'function_name': 'FinishGame', 'inputs': (<Function FinishGame()>, {})}"
783,0x5453996182db93a071d105c5ed8584499f0a0db563710f44a9e3bf2ba77ada10,0x35fA38D6e01F98B5e9f7672b0294177388BB381e,0x0a1c3554c82C65F33A49C1b3989c18c14Ed930c9,0,0xca8a09d4000000000000000000000000000000000000000000000000000000000000000f,"{'function_name': 'FinishGame', 'inputs': (<Function FinishGame()>, {})}"
785,0xe36c28ff01f3cd733fb678210ed40fe3c3bcbbc6b6bed01b396626f221c71346,0x35fA38D6e01F98B5e9f7672b0294177388BB381e,0x0a1c3554c82C65F33A49C1b3989c18c14Ed930c9,0,0xca8a09d40000000000000000000000000000000000000000000000000000000000000010,"{'function_name': 'FinishGame', 'inputs': (<Function FinishGame()>, {})}"
788,0xc28f39be3a7ab87f4389e0208894982784cd8f064d8645b0a51a4f6dfe8c239c,0x35fA38D6e01F98B5e9f7672b0294177388BB381e,0x0a1c3554c82C65F33A49C1b3989c18c14Ed930c9,0,0xca8a09d40000000000000000000000000000000000000000000000000000000000000009,"{'function_name': 'FinishGame', 'inputs': (<Function FinishGame()>, {})}"
790,0x38f6fecc02a3770c978285cb9553b75307913aaa49a6c1f6fe021bed7404d525,0x35fA38D6e01F98B5e9f7672b0294177388BB381e,0x0a1c3554c82C65F33A49C1b3989c18c14Ed930c9,0,0xca8a09d40000000000000000000000000000000000000000000000000000000000000007,"{'function_name': 'FinishGame', 'inputs': (<Function FinishGame()>, {})}"
796,0xccbeceba570bd4574ebbeeb8a3e1df5c87d23984a3d19c1e17180f5d0a0d408a,0x35fA38D6e01F98B5e9f7672b0294177388BB381e,0x0a1c3554c82C65F33A49C1b3989c18c14Ed930c9,0,0xca8a09d40000000000000000000000000000000000000000000000000000000000000001,"{'function_name': 'FinishGame', 'inputs': (<Function FinishGame()>, {})}"
798,0x6e44ff2b0417343f74faabedb781731ee7d8ba7a9f44fca6e2345f0469dcb2c1,0x35fA38D6e01F98B5e9f7672b0294177388BB381e,0x0a1c3554c82C65F33A49C1b3989c18c14Ed930c9,0,0xca8a09d40000000000000000000000000000000000000000000000000000000000000003,"{'function_name': 'FinishGame', 'inputs': (<Function FinishGame()>, {})}"
801,0xebea3d7da704d14cbdb66cfd05d50e0c0530ec84c1b8423856acb6d82c755faf,0x35fA38D6e01F98B5e9f7672b0294177388BB381e,0x0a1c3554c82C65F33A49C1b3989c18c14Ed930c9,0,0xca8a09d40000000000000000000000000000000000000000000000000000000000000007,"{'function_name': 'FinishGame', 'inputs': (<Function FinishGame()>, {})}"
803,0xbbcd452d3faf1b46f4ec84b6f52bcf833f91d4f2b59f9cdf687201ae4e11842c,0x35fA38D6e01F98B5e9f7672b0294177388BB381e,0x0a1c3554c82C65F33A49C1b3989c18c14Ed930c9,0,0xca8a09d4000000000000000000000000000000000000000000000000000000000000000b,"{'function_name': 'FinishGame', 'inputs': (<Function FinishGame()>, {})}"
815,0xda088c780185f71bad53ff66281675e4d72e0a81aeeaccfecb68d493d473c13a,0x35fA38D6e01F98B5e9f7672b0294177388BB381e,0x0a1c3554c82C65F33A49C1b3989c18c14Ed930c9,0,0xca8a09d40000000000000000000000000000000000000000000000000000000000000014,"{'function_name': 'FinishGame', 'inputs': (<Function FinishGame()>, {})}"
826,0x6d81e87b96cf46fb0fed97b396e36d26bf8038cb3a4cb4d811469e56b40d57cb,0x35fA38D6e01F98B5e9f7672b0294177388BB381e,0x0a1c3554c82C65F33A49C1b3989c18c14Ed930c9,0,0xca8a09d40000000000000000000000000000000000000000000000000000000000000001,"{'function_name': 'FinishGame', 'inputs': (<Function FinishGame()>, {})}"
830,0x10a598e79f74507a025b47c2e812f976351c0a2c1a0d294ebd039644719d2e1a,0x35fA38D6e01F98B5e9f7672b0294177388BB381e,0x0a1c3554c82C65F33A49C1b3989c18c14Ed930c9,0,0xca8a09d40000000000000000000000000000000000000000000000000000000000000006,"{'function_name': 'FinishGame', 'inputs': (<Function FinishGame()>, {})}"
833,0x8d0e6c3d4b6d5c92a029ff0fb745a7cd645ba6de936e89d2646cb0fa005fb1c9,0x35fA38D6e01F98B5e9f7672b0294177388BB381e,0x0a1c3554c82C65F33A49C1b3989c18c14Ed930c9,0,0xca8a09d40000000000000000000000000000000000000000000000000000000000000011,"{'function_name': 'FinishGame', 'inputs': (<Function FinishGame()>, {})}"
836,0x88c8b9ff785c1301bfefaa83f81deb4142f52ed72f90a5e76f0abbfabfd4f0c2,0x35fA38D6e01F98B5e9f7672b0294177388BB381e,0x0a1c3554c82C65F33A49C1b3989c18c14Ed930c9,0,0xca8a09d40000000000000000000000000000000000000000000000000000000000000010,"{'function_name': 'FinishGame', 'inputs': (<Function FinishGame()>, {})}"
840,0x6f993bcac5118cace1320a6136bc209d8ffec2cef7cee1e1a27de9fec416ae95,0x35fA38D6e01F98B5e9f7672b0294177388BB381e,0x0a1c3554c82C65F33A49C1b3989c18c14Ed930c9,0,0xca8a09d40000000000000000000000000000000000000000000000000000000000000008,"{'function_name': 'FinishGame', 'inputs': (<Function FinishGame()>, {})}"
844,0xb8102dd529a0e610c4cbaf674cfe68fb5804cbc5f24fc42edbf59420ea950be6,0x35fA38D6e01F98B5e9f7672b0294177388BB381e,0x0a1c3554c82C65F33A49C1b3989c18c14Ed930c9,0,0xca8a09d4000000000000000000000000000000000000000000000000000000000000000c,"{'function_name': 'FinishGame', 'inputs': (<Function FinishGame()>, {})}"
847,0xff5be92f9dacd36ec518e2dd65eceb1fd454843ed37b268340821fa2cb0273c5,0x35fA38D6e01F98B5e9f7672b0294177388BB381e,0x0a1c3554c82C65F33A49C1b3989c18c14Ed930c9,0,0xca8a09d40000000000000000000000000000000000000000000000000000000000000002,"{'function_name': 'FinishGame', 'inputs': (<Function FinishGame()>, {})}"
851,0xbe50d7ca3e1590639575a491e9ffeed25495143ca75abd00d0dc8678393c9b17,0x35fA38D6e01F98B5e9f7672b0294177388BB381e,0x0a1c3554c82C65F33A49C1b3989c18c14Ed930c9,0,0xca8a09d40000000000000000000000000000000000000000000000000000000000000003,"{'function_name': 'FinishGame', 'inputs': (<Function FinishGame()>, {})}"
856,0xc9f6c3ae684087e3d107f431a94cb4bb4a9dec2bbb6762840075c8ed60410d83,0x35fA38D6e01F98B5e9f7672b0294177388BB381e,0x0a1c3554c82C65F33A49C1b3989c18c14Ed930c9,0,0xca8a09d40000000000000000000000000000000000000000000000000000000000000004,"{'function_name': 'FinishGame', 'inputs': (<Function FinishGame()>, {})}"
859,0xcdb75381008df0710d924e85f8b3ae2ac149141f17169e981873d6479355b9e4,0x35fA38D6e01F98B5e9f7672b0294177388BB381e,0x0a1c3554c82C65F33A49C1b3989c18c14Ed930c9,0,0xca8a09d4000000000000000000000000000000000000000000000000000000000000000e,"{'function_name': 'FinishGame', 'inputs': (<Function FinishGame()>, {})}"
862,0x7f7c98b2b62109843f0560319aca48077237baab60e536c70ecbbe982543b174,0x35fA38D6e01F98B5e9f7672b0294177388BB381e,0x0a1c3554c82C65F33A49C1b3989c18c14Ed930c9,0,0xca8a09d40000000000000000000000000000000000000000000000000000000000000006,"{'function_name': 'FinishGame', 'inputs': (<Function FinishGame()>, {})}"
866,0x783266eb06a61852fda1d24c8f802389c9183895f104c6f38776d73c9fb1eeb1,0x35fA38D6e01F98B5e9f7672b0294177388BB381e,0x0a1c3554c82C65F33A49C1b3989c18c14Ed930c9,0,0xca8a09d40000000000000000000000000000000000000000000000000000000000000008,"{'function_name': 'FinishGame', 'inputs': (<Function FinishGame()>, {})}"
876,0x6eacd12b9ce177a597aef25499e5f4f31c5b25a23508482efc52764622de1097,0x35fA38D6e01F98B5e9f7672b0294177388BB381e,0x0a1c3554c82C65F33A49C1b3989c18c14Ed930c9,0,0xca8a09d40000000000000000000000000000000000000000000000000000000000000012,"{'function_name': 'FinishGame', 'inputs': (<Function FinishGame()>, {})}"
880,0xc0098539f16ce5125a2264f4b5750a77d963f2bbe789fd86823d147b8b776f3d,0x35fA38D6e01F98B5e9f7672b0294177388BB381e,0x0a1c3554c82C65F33A49C1b3989c18c14Ed930c9,0,0xca8a09d40000000000000000000000000000000000000000000000000000000000000009,"{'function_name': 'FinishGame', 'inputs': (<Function FinishGame()>, {})}"
882,0x4d2411b5fb0cfb86b647c0e2dffaa361361cd06e00320e85017ae8381793065a,0x35fA38D6e01F98B5e9f7672b0294177388BB381e,0x0a1c3554c82C65F33A49C1b3989c18c14Ed930c9,0,0xca8a09d40000000000000000000000000000000000000000000000000000000000000008,"{'function_name': 'FinishGame', 'inputs': (<Function FinishGame()>, {})}"
892,0xb94409ce6463c1283d15fd2f666b7e895cf893880c3de54ef6533da3145e63c7,0x35fA38D6e01F98B5e9f7672b0294177388BB381e,0x0a1c3554c82C65F33A49C1b3989c18c14Ed930c9,0,0xca8a09d40000000000000000000000000000000000000000000000000000000000000004,"{'function_name': 'FinishGame', 'inputs': (<Function FinishGame()>, {})}"
896,0x4077b3620d910412b22323131069d874d8594a122ec57a433c44f16f3068b788,0x35fA38D6e01F98B5e9f7672b0294177388BB381e,0x0a1c3554c82C65F33A49C1b3989c18c14Ed930c9,0,0xca8a09d40000000000000000000000000000000000000000000000000000000000000006,"{'function_name': 'FinishGame', 'inputs': (<Function FinishGame()>, {})}"
901,0x2884b9b41fe4c20f27f801a1ccf2d0438a93fd3abbda1330e735892ab10cdbf9,0x35fA38D6e01F98B5e9f7672b0294177388BB381e,0x0a1c3554c82C65F33A49C1b3989c18c14Ed930c9,0,0xca8a09d40000000000000000000000000000000000000000000000000000000000000001,"{'function_name': 'FinishGame', 'inputs': (<Function FinishGame()>, {})}"
905,0x6159c644c6257e5fb4a9122d076bcc6e8627b33251a0a1d0327746bd733f2cb1,0x35fA38D6e01F98B5e9f7672b0294177388BB381e,0x0a1c3554c82C65F33A49C1b3989c18c14Ed930c9,0,0xca8a09d4000000000000000000000000000000000000000000000000000000000000000c,"{'function_name': 'FinishGame', 'inputs': (<Function FinishGame()>, {})}"
912,0x37e598beffb5996e71eb6b76fae02198c96508886515e15200d33976e4d90877,0x35fA38D6e01F98B5e9f7672b0294177388BB381e,0x0a1c3554c82C65F33A49C1b3989c18c14Ed930c9,0,0xca8a09d40000000000000000000000000000000000000000000000000000000000000013,"{'function_name': 'FinishGame', 'inputs': (<Function FinishGame()>, {})}"
915,0xaa8d028d59fdb4811bd5d25b9726249e94afec67d3f659a09109d8752d5203f4,0x35fA38D6e01F98B5e9f7672b0294177388BB381e,0x0a1c3554c82C65F33A49C1b3989c18c14Ed930c9,0,0xca8a09d40000000000000000000000000000000000000000000000000000000000000005,"{'function_name': 'FinishGame', 'inputs': (<Function FinishGame()>, {})}"
917,0xefe5dfc9c0b87369842a2b5f43add9af79c14e3269a08cd27a29536b55cb4239,0x35fA38D6e01F98B5e9f7672b0294177388BB381e,0x0a1c3554c82C65F33A49C1b3989c18c14Ed930c9,0,0xca8a09d4000000000000000000000000000000000000000000000000000000000000000e,"{'function_name': 'FinishGame', 'inputs': (<Function FinishGame()>, {})}"
921,0x9e027405a9f1e245b20b36e199e0277ea3ec1985ece6c1de7eb1d0d98b7abf50,0x35fA38D6e01F98B5e9f7672b0294177388BB381e,0x0a1c3554c82C65F33A49C1b3989c18c14Ed930c9,0,0xca8a09d40000000000000000000000000000000000000000000000000000000000000009,"{'function_name': 'FinishGame', 'inputs': (<Function FinishGame()>, {})}"
924,0x95b28bbdb6d2a87ede9d0a7b30a42423bd7eccb72643cf82bb58a7eb2010f241,0x35fA38D6e01F98B5e9f7672b0294177388BB381e,0x0a1c3554c82C65F33A49C1b3989c18c14Ed930c9,0,0xca8a09d4000000000000000000000000000000000000000000000000000000000000000d,"{'function_name': 'FinishGame', 'inputs': (<Function FinishGame()>, {})}"
926,0x9571829814d491cd792bdbc8ead5a908891b84efbacfcef76f547ec6be76a3d3,0x35fA38D6e01F98B5e9f7672b0294177388BB381e,0x0a1c3554c82C65F33A49C1b3989c18c14Ed930c9,0,0xca8a09d4000000000000000000000000000000000000000000000000000000000000000b,"{'function_name': 'FinishGame', 'inputs': (<Function FinishGame()>, {})}"
928,0x138129af2d2753cfd3877f074da69aa3b36775abaa2177b4dff83c360619f054,0x35fA38D6e01F98B5e9f7672b0294177388BB381e,0x0a1c3554c82C65F33A49C1b3989c18c14Ed930c9,0,0xca8a09d4000000000000000000000000000000000000000000000000000000000000000e,"{'function_name': 'FinishGame', 'inputs': (<Function FinishGame()>, {})}"
930,0xe7c65df123b49c5fb5709021b787e671ebd5fd6d6ab25f679a584b107c74db77,0x35fA38D6e01F98B5e9f7672b0294177388BB381e,0x0a1c3554c82C65F33A49C1b3989c18c14Ed930c9,0,0xca8a09d4000000000000000000000000000000000000000000000000000000000000000a,"{'function_name': 'FinishGame', 'inputs': (<Function FinishGame()>, {})}"
932,0x2635a0e7b6bacd4e85d58c555b27d5698f3d8a4c0b50a6490934d04b0572f00c,0x35fA38D6e01F98B5e9f7672b0294177388BB381e,0x0a1c3554c82C65F33A49C1b3989c18c14Ed930c9,0,0xca8a09d40000000000000000000000000000000000000000000000000000000000000005,"{'function_name': 'FinishGame', 'inputs': (<Function FinishGame()>, {})}"
936,0x531355dd03e6638739814021c9a4b034c291076f1ba91b24677aabdfb264a397,0x35fA38D6e01F98B5e9f7672b0294177388BB381e,0x0a1c3554c82C65F33A49C1b3989c18c14Ed930c9,0,0xca8a09d40000000000000000000000000000000000000000000000000000000000000014,"{'function_name': 'FinishGame', 'inputs': (<Function FinishGame()>, {})}"
938,0xe674ac59a171c8b7cc7e697c625828ccaefebc073d2bf62ae1880d5438de1b5a,0x35fA38D6e01F98B5e9f7672b0294177388BB381e,0x0a1c3554c82C65F33A49C1b3989c18c14Ed930c9,0,0xca8a09d40000000000000000000000000000000000000000000000000000000000000002,"{'function_name': 'FinishGame', 'inputs': (<Function FinishGame()>, {})}"
940,0x5c900b9ad480925702783703a028fd4a6c3f7e3ba49f2b9d135e8b20c5dd5b12,0x35fA38D6e01F98B5e9f7672b0294177388BB381e,0x0a1c3554c82C65F33A49C1b3989c18c14Ed930c9,0,0xca8a09d4000000000000000000000000000000000000000000000000000000000000000a,"{'function_name': 'FinishGame', 'inputs': (<Function FinishGame()>, {})}"
945,0x43359a097fab836e4f5704817fa9054aad83cbe769c4ff70bba792b16aca60b0,0x35fA38D6e01F98B5e9f7672b0294177388BB381e,0x0a1c3554c82C65F33A49C1b3989c18c14Ed930c9,0,0xca8a09d4000000000000000000000000000000000000000000000000000000000000000a,"{'function_name': 'FinishGame', 'inputs': (<Function FinishGame()>, {})}"
948,0x9dd8d98a2da96ff27a22557a46d0565889b1dee320eec996ad157171bb5ef949,0x35fA38D6e01F98B5e9f7672b0294177388BB381e,0x0a1c3554c82C65F33A49C1b3989c18c14Ed930c9,0,0xca8a09d40000000000000000000000000000000000000000000000000000000000000005,"{'function_name': 'FinishGame', 'inputs': (<Function FinishGame()>, {})}"
950,0x74482a411a1d8e224cf5a79c1f05fa00b0ee68797876e9906c429491460db2ba,0x35fA38D6e01F98B5e9f7672b0294177388BB381e,0x0a1c3554c82C65F33A49C1b3989c18c14Ed930c9,0,0xca8a09d40000000000000000000000000000000000000000000000000000000000000009,"{'function_name': 'FinishGame', 'inputs': (<Function FinishGame()>, {})}"
952,0x063c51ae317fcb5e34c5c123fcaa453f18967cf5bc06ed5dbca83cce22cdb4e8,0x35fA38D6e01F98B5e9f7672b0294177388BB381e,0x0a1c3554c82C65F33A49C1b3989c18c14Ed930c9,0,0xca8a09d4000000000000000000000000000000000000000000000000000000000000000f,"{'function_name': 'FinishGame', 'inputs': (<Function FinishGame()>, {})}"
955,0x4ad35fa24d61c01681dad19b684be2df959e09e637f8c8ed0327bd33e586a24b,0x35fA38D6e01F98B5e9f7672b0294177388BB381e,0x0a1c3554c82C65F33A49C1b3989c18c14Ed930c9,0,0xca8a09d4000000000000000000000000000000000000000000000000000000000000000a,"{'function_name': 'FinishGame', 'inputs': (<Function FinishGame()>, {})}"
960,0x4f8355f0ca6199cbf750fe0a496295de8d0f804d647cc628dfc52a42b4cb878c,0x35fA38D6e01F98B5e9f7672b0294177388BB381e,0x0a1c3554c82C65F33A49C1b3989c18c14Ed930c9,0,0xca8a09d40000000000000000000000000000000000000000000000000000000000000012,"{'function_name': 'FinishGame', 'inputs': (<Function FinishGame()>, {})}"
967,0xc38732313bdde01a07f41897c6152cfc2b41d3199c9e9ec63e3187a5d9324fd1,0x35fA38D6e01F98B5e9f7672b0294177388BB381e,0x0a1c3554c82C65F33A49C1b3989c18c14Ed930c9,0,0xca8a09d40000000000000000000000000000000000000000000000000000000000000001,"{'function_name': 'FinishGame', 'inputs': (<Function FinishGame()>, {})}"
969,0x1b1fa8f2217eb3b82d85d202d1d12fb2284f54f6c7877c707f31e0f39c65f672,0x35fA38D6e01F98B5e9f7672b0294177388BB381e,0x0a1c3554c82C65F33A49C1b3989c18c14Ed930c9,0,0xca8a09d40000000000000000000000000000000000000000000000000000000000000008,"{'function_name': 'FinishGame', 'inputs': (<Function FinishGame()>, {})}"
971,0xed2c0569b46f15bafc064a3a4eebac8126abbc9f9e48e786eb5d02ad99726b57,0x35fA38D6e01F98B5e9f7672b0294177388BB381e,0x0a1c3554c82C65F33A49C1b3989c18c14Ed930c9,0,0xca8a09d40000000000000000000000000000000000000000000000000000000000000004,"{'function_name': 'FinishGame', 'inputs': (<Function FinishGame()>, {})}"
977,0xab9fb010873f05b8306db443b5b41ce0951495c1188a708489f2965e6aa03033,0x35fA38D6e01F98B5e9f7672b0294177388BB381e,0x0a1c3554c82C65F33A49C1b3989c18c14Ed930c9,0,0xca8a09d40000000000000000000000000000000000000000000000000000000000000005,"{'function_name': 'FinishGame', 'inputs': (<Function FinishGame()>, {})}"
991,0xaf965ee7320fd563e5f0b5226f9b10d890b462d204085ec908c24834e0087cd2,0x35fA38D6e01F98B5e9f7672b0294177388BB381e,0x0a1c3554c82C65F33A49C1b3989c18c14Ed930c9,0,0xca8a09d40000000000000000000000000000000000000000000000000000000000000003,"{'function_name': 'FinishGame', 'inputs': (<Function FinishGame()>, {})}"
994,0x4f4cf6005e0a0533f76070b3144944f7ee357951c22ab199ccce9e158e3d029f,0x35fA38D6e01F98B5e9f7672b0294177388BB381e,0x0a1c3554c82C65F33A49C1b3989c18c14Ed930c9,0,0xca8a09d4000000000000000000000000000000000000000000000000000000000000000c,"{'function_name': 'FinishGame', 'inputs': (<Function FinishGame()>, {})}"
998,0x13df484b69cb50e58d337e8e22ce661a7b607f0e8e65644048fe14e6974c001c,0x35fA38D6e01F98B5e9f7672b0294177388BB381e,0x0a1c3554c82C65F33A49C1b3989c18c14Ed930c9,0,0xca8a09d40000000000000000000000000000000000000000000000000000000000000002,"{'function_name': 'FinishGame', 'inputs': (<Function FinishGame()>, {})}"
1003,0xd794fa27d877f315db94032fdedaf566c9a7d630936f7b59dc783b55e83c03fc,0x35fA38D6e01F98B5e9f7672b0294177388BB381e,0x0a1c3554c82C65F33A49C1b3989c18c14Ed930c9,0,0xca8a09d40000000000000000000000000000000000000000000000000000000000000004,"{'function_name': 'FinishGame', 'inputs': (<Function FinishGame()>, {})}"
1005,0x29b35da8a966db34aa5b94ec931d200e0c474e367e96e81364f9d7b94f2cdacf,0x35fA38D6e01F98B5e9f7672b0294177388BB381e,0x0a1c3554c82C65F33A49C1b3989c18c14Ed930c9,0,0xca8a09d40000000000000000000000000000000000000000000000000000000000000008,"{'function_name': 'FinishGame', 'inputs': (<Function FinishGame()>, {})}"
1007,0xecdc0a0d99b49a568577bb8f07e558df756645da1219330d2d2de10027a8ea0a,0x35fA38D6e01F98B5e9f7672b0294177388BB381e,0x0a1c3554c82C65F33A49C1b3989c18c14Ed930c9,0,0xca8a09d40000000000000000000000000000000000000000000000000000000000000003,"{'function_name': 'FinishGame', 'inputs': (<Function FinishGame()>, {})}"
1015,0x003083250bf32d6336137b082260a0bd579f19b6e65abc39be1e8edf9458d990,0x35fA38D6e01F98B5e9f7672b0294177388BB381e,0x0a1c3554c82C65F33A49C1b3989c18c14Ed930c9,0,0xca8a09d40000000000000000000000000000000000000000000000000000000000000008,"{'function_name': 'FinishGame', 'inputs': (<Function FinishGame()>, {})}"
1017,0xa5251d86e2eb01db4154aa929ac8e5b718dd617d8e647935b52f694fff4d5ea2,0x35fA38D6e01F98B5e9f7672b0294177388BB381e,0x0a1c3554c82C65F33A49C1b3989c18c14Ed930c9,0,0xca8a09d4000000000000000000000000000000000000000000000000000000000000000d,"{'function_name': 'FinishGame', 'inputs': (<Function FinishGame()>, {})}"
1019,0xfc349207128e2b51ed5bb269855f67101da5b7e5810d6f10b1597d5344d4291b,0x35fA38D6e01F98B5e9f7672b0294177388BB381e,0x0a1c3554c82C65F33A49C1b3989c18c14Ed930c9,0,0xca8a09d4000000000000000000000000000000000000000000000000000000000000000c,"{'function_name': 'FinishGame', 'inputs': (<Function FinishGame()>, {})}"
1024,0x3b7ed519b400239267ead7b6f21273d337c01437960275c85438650162d45582,0x35fA38D6e01F98B5e9f7672b0294177388BB381e,0x0a1c3554c82C65F33A49C1b3989c18c14Ed930c9,0,0xca8a09d40000000000000000000000000000000000000000000000000000000000000011,"{'function_name': 'FinishGame', 'inputs': (<Function FinishGame()>, {})}"
1029,0x89bcadff6b4b807c6e276aeaacbc77d21ce7ded507dc183a1a94441a9b0201cf,0x35fA38D6e01F98B5e9f7672b0294177388BB381e,0x0a1c3554c82C65F33A49C1b3989c18c14Ed930c9,0,0xca8a09d40000000000000000000000000000000000000000000000000000000000000003,"{'function_name': 'FinishGame', 'inputs': (<Function FinishGame()>, {})}"
1036,0x3db1ec74b2d7819a557561cfabedd19dfe252741f267d0a9434a0d0a2bc236d9,0x35fA38D6e01F98B5e9f7672b0294177388BB381e,0x0a1c3554c82C65F33A49C1b3989c18c14Ed930c9,0,0xca8a09d40000000000000000000000000000000000000000000000000000000000000013,"{'function_name': 'FinishGame', 'inputs': (<Function FinishGame()>, {})}"
1043,0x99a9466c3d78eb87b541ad6f85145423dd807c50a4df36a4522e2be092051ff6,0x35fA38D6e01F98B5e9f7672b0294177388BB381e,0x0a1c3554c82C65F33A49C1b3989c18c14Ed930c9,0,0xca8a09d40000000000000000000000000000000000000000000000000000000000000004,"{'function_name': 'FinishGame', 'inputs': (<Function FinishGame()>, {})}"
1045,0xb0a3822fa2c5e70b9bd586d4d8f066e01462f080a65421d91812e31a4a247a55,0x35fA38D6e01F98B5e9f7672b0294177388BB381e,0x0a1c3554c82C65F33A49C1b3989c18c14Ed930c9,0,0xca8a09d40000000000000000000000000000000000000000000000000000000000000012,"{'function_name': 'FinishGame', 'inputs': (<Function FinishGame()>, {})}"
1048,0xc3b59cfabd46e96844ee8e0d3012e2984b1ca9c1a2336039b147d24ffe76802c,0x35fA38D6e01F98B5e9f7672b0294177388BB381e,0x0a1c3554c82C65F33A49C1b3989c18c14Ed930c9,0,0xca8a09d40000000000000000000000000000000000000000000000000000000000000007,"{'function_name': 'FinishGame', 'inputs': (<Function FinishGame()>, {})}"
1057,0xcdc1ee2415f721f6ba6b6a9f6039036eeba452cd17dc3fd37835ae36f003887e,0x35fA38D6e01F98B5e9f7672b0294177388BB381e,0x0a1c3554c82C65F33A49C1b3989c18c14Ed930c9,0,0xca8a09d40000000000000000000000000000000000000000000000000000000000000005,"{'function_name': 'FinishGame', 'inputs': (<Function FinishGame()>, {})}"
1060,0x3828b3b4fd7d071d2683d3f55366d06690309404639076f6b2d5552938cf8775,0x35fA38D6e01F98B5e9f7672b0294177388BB381e,0x0a1c3554c82C65F33A49C1b3989c18c14Ed930c9,0,0xca8a09d4000000000000000000000000000000000000000000000000000000000000000b,"{'function_name': 'FinishGame', 'inputs': (<Function FinishGame()>, {})}"
