Block Number,Tx Hash,From,To,Value,Data,Decode_data
239,0xced1b923c6e1a2af7a2edcac87ff9e1dfbb6e28650143b9a123e3a685e39caad,0x20E646cA24A51E324aD07644245a07fEed0426C2,0xc06976C98b5187CD542a58569a52ad50ca833516,0,0x85b44a26000000000000000000000000000000000000000000000000000000000000007b,"{'function_name': 'MakeOffer', 'inputs': (<Function MakeOffer(int256)>, {'offerPrice': 123})}"
240,0xeda4e7dfbd7f67084f556f14bc72fa6d4b54815da3fbb6a8c53af1f4d8cb7fe0,0x64DFEAe370C5174B3595dBb1DC04651595b7Da37,0xc06976C98b5187CD542a58569a52ad50ca833516,0,0xcba59827,"{'function_name': 'Reject', 'inputs': (<Function Reject()>, {})}"
241,0x1303285e01df9564911a0d9a8999171da3b741cae17f92f976d12464080f09e9,0x666474a318918123e27b9d6f1283528C88f97827,0xc06976C98b5187CD542a58569a52ad50ca833516,0,0x85b44a26000000000000000000000000000000000000000000000000000000000000007b,"{'function_name': 'MakeOffer', 'inputs': (<Function MakeOffer(int256)>, {'offerPrice': 123})}"
242,0x99b40547e396f8c1f75d7d65b7c769fe7f009c3a83b46ee8dc02423fcf1db6ad,0x64DFEAe370C5174B3595dBb1DC04651595b7Da37,0xc06976C98b5187CD542a58569a52ad50ca833516,0,0xd12cd942,"{'function_name': 'AcceptOffer', 'inputs': (<Function AcceptOffer()>, {})}"
